Workbook

Sheet README
A1: K-State Baseball — Throwing Workload Model
B2: Turn distance, throw count, and velocity into one workload number — then use it to plan the next day/week.
B4: 1. What this workbook does
B6: Every throwing set a player does (a round of long toss, a bullpen, flat ground work) gets logged in the Throw Log tab with three inputs: distance, number of throws, and velocity. The model converts distance and velocity into two multipliers — a Distance Factor and an Intensity Factor — and multiplies them by the throw count to get a Set Workload number. Add up a player's daily workload, then track it against his own rolling history (7-day "acute" load vs. 28-day "chronic" load) on the Dashboard tab. The ratio of those two numbers — the Acute:Chronic Workload Ratio, or ACWR — tells you whether today's plan is a safe progression, should hold steady, or needs to back off. The Next Outing Planner tab turns that zone into a day-by-day throwing plan for the week ahead.
B12: 2. The workload formula
B14: Set Workload = Number of Throws × Distance Factor × Intensity Factor
B16: Distance Factor and Intensity Factor are multiplied as two SEPARATE numbers, not folded into one, because distance is not just a stand-in for velocity — they load the arm somewhat independently. Fleisig's own biomechanics lab compared mound pitching to long toss at several distances and found max-distance throws produced the HIGHEST elbow and shoulder torque of any condition tested — without any increase in ball velocity versus pitching (Fleisig, Bolt, Fortenbaugh, Wilk & Andrews, J Orthop Sports Phys Ther, 2011). Two throws released at the same measured mph are not equally stressful if one of them travels farther: covering extra distance without extra velocity means changing mechanics (more shoulder layback/external rotation, more trunk tilt, a higher looping arc), and it's that changed mechanics — not the number on a radar gun — that loads the joint. The study's authors called max-distance throws “the least efficient” (most torque for the least velocity gained) and recommended capping long toss around 180 ft thrown on a line for that reason. It's also why the interval-throwing-program researchers who built the ACWR model below (Reinold, Dowling, Fleisig, Macrina, Wilk, Streepy & Andrews, Int J Sports Phys Ther, 2024) modeled elbow torque on distance ALONE, not velocity — they found velocity doesn't correlate reliably with torque and varies too much pitcher to pitcher to be a consistent stress proxy, while distance does. (One smaller study found kinetics rising with distance but never exceeding pitching — so treat “does long toss ever exceed mound stress” as a genuinely open question, not settled science.)
B24: Intensity Factor scales with how many mph OFF the player's own Avg Top Velo (from the Roster tab) he threw — not a percentage of his single fastest pitch ever recorded. A one-time peak reading is noisy (adrenaline, a favorable radar angle, pure chance); the average of several of his hardest, most competitive readings is a more reliable “100% intent” line, and effort doesn't fall off in a straight percentage as velo drops — the last few mph near the top cost disproportionately more effort than the same few mph do lower down. A fixed mph-below-average gap tracks felt effort much better than a max-velo ratio does. One exception: for Bullpen and Game rows, Distance Factor is replaced by a flat Mound Factor, because the pitching distance never changes (60'6") and a mound delivery loads the arm well beyond what a flat-ground throw at that same short distance would — see the callout on the Reference tab. The exact band values throughout are a coaching model, not a lab-measured constant, and you should feel free to tune them for your staff's eye once you have a season of data to compare against.
B30: 3. Acute:Chronic Workload Ratio (ACWR)
B32: ACWR = (average daily workload over the trailing 7 days) ÷ (average daily workload over the trailing 28 days). It is the same framework Tim Gabbett popularized for injury-workload research (Br J Sports Med, 2016) and that the ASMI group (Reinold, Dowling, Fleisig, et al.) applied directly to pitchers' interval throwing programs, using 0.7–1.3 as the target range and flagging spikes above ~1.5 as high-risk in their workload-based throwing program study (IJSPT, 2024). This workbook uses: below 0.8 = room to progress, 0.8–1.3 = sweet spot, 1.3–1.5 = caution, above 1.5 = high risk. A quick honesty note: ACWR has real critics in the sports-science literature (Windt & Gabbett, 2019) — because the acute week is part of the chronic average, the ratio is mathematically coupled to itself, which can distort it at the extremes. Treat the ACWR zone as one signal among several — combine it with what the player is telling you about arm feel, not as a stand-alone verdict.
B38: 4. How to use this day to day
B40: 1) Add every player to the Roster tab with his Avg Top Velo (average of several of his hardest readings, not a single one-time peak — keep the peak too, it's just for reference). 2) After each throwing session, log it as ONE row in Throw Log — the main columns are his working-out segment (whatever distance he built out to, with its own throw count and velo). If he closes the session by working back in at 60' (very common), don't start a second row for it — use the dedicated 60' Throws / 60' Velo columns further right on that SAME row; they're added into that row's Set Workload automatically at the 60' Distance Factor. Game days work the same way but for pregame bullpen warm-up instead: the box-score pitch count leaves out pregame bullpen warm-up and every between-innings/entering warm-up pitch, so use the main columns for live pitches + in-game warm-up pitches, and the dedicated Warmup/Bullpen columns on that same row for whatever he threw getting loose in the pen beforehand. See the callouts on the Reference tab for worked examples of both patterns. 3) Open Dashboard, pick the player, and read his Zone and Guidance for today. 4) Open Next Outing Planner, pick the same player, tell it what he's building toward (a live Game or his next High Bullpen day) and that date — This Week's Plan below fills in automatically for every day between now and then, before a single throw is made, so you can adjust before, not after. 5) Re-check both tabs after each session — the Dashboard zone moves as new data comes in, and Next Outing Planner's plan for the days still ahead nudges itself up or down to match. Once he throws his outing/bullpen day, just update the date to his next one and the whole week regenerates.
B46: 5. Day Type Templates & Next Outing Planner
... B62: • Gabbett, T. "The training-injury prevention paradox." Br J Sports Med, 2016 — ACWR sweet spot (0.8–1.3) / danger zone (>1.5). • Reinold, M., Dowling, B., Fleisig, G., Macrina, L., Wilk, K., Streepy, J., Andrews, J. "An Interval Throwing Program for Baseball Pitchers Based upon Workload Data." Int J Sports Phys Ther, 2024 — 238,611 throws (111,196 long-toss) from 34 NCAA D-I pitchers; modeled elbow torque on DISTANCE, not velocity, because velocity didn't correlate reliably with torque pitcher to pitcher; direct precedent for applying 7-day/28-day ACWR to throwing distance/volume data. • Fleisig, G., Bolt, B., Fortenbaugh, D., Wilk, K., Andrews, J. "Biomechanical Comparison of Baseball Pitching and Long-Toss: Implications for Training and Rehabilitation." J Orthop Sports Phys Ther, 2011 — found max-distance long toss produces the highest elbow/shoulder torque of any condition tested, WITHOUT higher ball velocity than pitching; the basis for treating Distance Factor and Intensity Factor as separate, independent multipliers rather than one folded into the other. • Driveline Baseball, "Everything Long Toss and Long-Toss Programs" / "Pulldowns" — typical long-toss distance bands and pulldown intensity, used to set this workbook's Distance Factor bands. • MLB / USA Baseball Pitch Smart guidelines (mlb.com/pitch-smart) — precedent for tying required rest to recent throwing volume. • Windt, J. & Gabbett, T. "How do training and competition workloads relate to injury? The workload-injury aetiology model," and follow-up critiques — mathematical-coupling limitation of ACWR noted above. • NCAA Baseball Rules — Appendix F, Pitch/Between-Innings Clock Protocol (2025-26 rules cycle) — 5 warm-up pitches between innings for a continuing pitcher, 8 for a pitcher entering the game; basis for the Game-day throw-count guidance on the Reference tab. This model is a coaching decision-support tool built from these public frameworks, not a validated medical instrument. It does not replace your athletic trainer, your pitching coach's eye, or what a player tells you about his arm.

Sheet Reference
A1: Reference Tables — Workload Model Constants
A2: These drive every formula in Throw Log and Dashboard. Edit values here (not in formulas) to re-tune the model.
A4: Distance Factor Table
A5: Min Distance (ft) | B5: Distance Factor | C5: Description
A6: 0 | B6: 1 | C6: Warm-up / catch play (≤60 ft)
A7: 61 | B7: 1.3 | C7: Building distance (61–90 ft)
A8: 91 | B8: 1.7 | C8: Extension / stretch (91–120 ft)
A9: 121 | B9: 2.2 | C9: Long toss (121–150 ft)
A10: 151 | B10: 2.8 | C10: Max long toss (151–180 ft)
A11: 181 | B11: 3.5 | C11: Pulldowns / max distance (181+ ft)
A14: Intensity Factor Table (based on mph BELOW player's Avg Top Velo — not % of a single peak pitch)
A15: Effort doesn't fall off in a straight line as velo drops — near your top end, a couple mph off costs a lot more effort than the same couple mph do when you're playing catch. So this compares the throw's velo to the player's AVG top velo (Roster tab) as a flat mph gap, not a percentage of his single best-ever pitch. Uses the midpoint of the Velo Low–High range entered in Throw Log.
A16: Min Deficit (mph below Avg Top Velo) | B16: Intensity Factor | C16: Description
A17: 0 | B17: 2 | C17: Max effort — at or near Avg Top Velo (about 0–3 mph off)
A18: 4 | B18: 1.5 | C18: Compete / high intent (about 4–6 mph off)
A19: 7 | B19: 1 | C19: Building (about 7–9 mph off)
A20: 10 | B20: 0.6 | C20: Easy / recovery catch (10+ mph off)
A22: ACWR Zone Thresholds
A23: Min ACWR | B23: Zone | C23: Guidance
A24: 0 | B24: Undertrained | C24: Below 0.8 — there is room to progress distance/intensity next session.
A25: 0.8 | B25: Sweet Spot | C25: 0.8–1.3 — ideal loading zone; maintain the planned progression.
A26: 1.31 | B26: Caution | C26: 1.3–1.5 — hold volume/intensity flat; add a recovery day this week.
A27: 1.51 | B27: High Risk | C27: Above 1.5 — mandatory easy/rest day next session; cut weekly volume 20–30%.
A30: Session Types (Throw Log dropdown list)
A31: No Throw
A32: Long Toss
A33: Compression/Pulldowns
A34: Bullpen
A35: Moderate
A36: Game
A37: Recovery/Easy Catch
A40: Throw Rate by Session Type (throws/minute — used to estimate throw count from clock time)
A41: Timing a whole staff is far more practical than counting every throw. Log Start/End time in Throw Log and it estimates throw count as Duration × this rate. These are starting assumptions, not measured constants — clock a few reps of your own guys and tune them here. For a rehab player or anyone you CAN count exactly, just type the real number into Actual Throw Count in Throw Log and it overrides the time estimate automatically.
A43: Session Type | B43: Throw Rate (throws/min) | C43: Why
A44: No Throw | B44: 0
A45: Long Toss | B45: 3 | C45: Slower — ball travel + retrieval time grows with distance
A46: Compression/Pulldowns | B46: 3 | C46: High effort throws need more recovery between reps
A47: Bullpen | B47: 0 | C47: Reset, mechanics cues, and coach feedback between pitches
A48: Moderate | B48: 3.5 | C48: Moderate tempo, minimal reset time
A49: Game | B49: 0 | C49: Use actual pitch count, not a time estimate
A50: Recovery/Easy Catch | B50: 4.5 | C50: Quick, low-effort tempo
A53: Callout: Logging a Long Toss Round (working back vs. working in)
A54: A long-toss exchange is really two different phases, and they should be two different rows — not one row with a total throw count. Working BACK means stretching out: distance is climbing, effort is relatively low (~50–70%), throws arc more. Working IN means compression: distance is shrinking, effort is high (~80–100%), throws are thrown flatter/harder. Same throw count, very different stress, so one distance/intensity per row keeps the workload number honest. Worked example — a player stretches out to 150 ft and works back in to 90 ft: Row 1: Session Type “Long Toss,” Distance = 150 ft (the farthest point reached), Velo ≈ his easy long-toss velo, time the whole working-back phase (e.g. 9:00–9:10). Row 2: Session Type “Compression/Pulldowns,” Distance = 90 ft (the working-in distance), Velo ≈ his harder working-in velo, time just that phase (e.g. 9:10–9:16). If he pauses at a few distinct stops on the way out (say 90, then 120, then 150) and you can time each stop separately, splitting into more rows is more accurate — but two rows (back / in) is the practical minimum and is what the throw-rate table above is built around.
A57: Mound Factor (Bullpen & Game — used INSTEAD of Distance Factor)
A58: Distance doesn't belong in the formula for mound work. The pitching distance is fixed (60'6"), so a distance lookup would score a bullpen the same as easy 60 ft catch play — which is backwards: a mound delivery (full leg drive, hip-shoulder separation, breaking-ball spin) loads the arm well above a flat-ground throw at that same short distance. That's exactly why Fleisig/ASMI built their distance-workload model from flat-ground throws only, and why pitch counts (Pitch Smart) have always been tracked separately from throwing-distance programs — mound work is its own category of stress, not a point on the distance curve. So for Session Type “Bullpen” or “Game,” the model ignores the Distance (ft) column entirely and uses a flat Mound Factor instead — leave Distance blank on those rows (or note 60.5 for your own records, it won't be used). Warming up before the pen is real long-toss stress and should still be its own “Long Toss” row using the distance table, same as any other long-toss set — only the mound reps themselves switch to the Mound Factor.
A60: Session Type | B60: Mound Factor | C60: Why
A61: Bullpen | B61: 3 | C61: Full mound mechanics + pitch mix (including breaking balls) load the arm well above a flat-ground throw, even at moderate velo
A62: Game | B62: 3.2 | C62: Same mound mechanics plus in-game adrenaline/competition and less controlled pacing than a bullpen
A65: Callout: Logging a Game Outing (the official pitch count undercounts the real mound stress)
A66: The scoreboard/box-score pitch count only tallies pitches thrown to a batter — it leaves out every warm-up throw around it, and those are real mound-intensity throws too. Under current NCAA rules, a pitcher gets 5 warm-up pitches between innings if he's staying in, and 8 warm-up pitches when he enters the game (start of an inning or mid-inning) — on top of whatever he threw getting loose in the bullpen before he was ever called for. A game day still gets ONE row in Throw Log — use the Warmup/Bullpen columns (R–T) on that same row instead of a second row: Main columns (H–L), Session Type “Game”: Actual Throw Count = his official pitches PLUS his warm-up pitches for the outing itself (8 if he entered fresh, +5 for every additional inning he continued) — this segment is scored at the Game Mound Factor. Warmup/Bullpen columns (R–T), same row: Throws = however many he threw getting loose in the pen before entering (a bullpen catcher always has this exact number) with its own velo range — this segment is always scored at the Bullpen Mound Factor, whatever the row's Session Type is. Set Workload (column Q) adds both segments together automatically. Worked example — an 18-pitch relief outing (entered fresh, one inning, no carryover): one “Game” row with H=26 (8 entering warm-up + 18 live, at the 3.2 Game Mound Factor) and R=18 (pen warm-up before he was called on, at the 3.0 Bullpen Mound Factor). At similar intensity, that one row runs well above a 25-pitch stand-alone bullpen. Logged as just “18 pitches” with nothing in R, it doesn't — not because the model is wrong, but because 18 was never the whole story.
A69: Periodization Rule — Default Day Type by Days Until Next High-Intent Day
A70: A starting-point schedule for the Next Outing Planner tab: given how many days away a player's next High-Intent Day is — a live Game outing, OR his next High Bullpen day for a guy without a game on the schedule — this is the default Day Type it plans for, before any adjustment for what he actually did the day before or how his trailing week's ACWR is running. This is a coaching judgment call, not a measured constant — tune the Default Day Type column for your own program's rhythm (e.g. a reliever who can pitch on back-to-back days needs a very different rule than a weekend starter).
A72: Days Until Outing | B72: Default Day Type | C72: Why
A73: 0 | B73: Game | C73: The High-Intent Day itself — fixed by the schedule (Game or High Bullpen), not a training choice.
A74: 1 | B74: Low | C74: Day before he pitches: stay loose and protect freshness — never build here.
A75: 2 | B75: Medium | C75: Two days out: moderate catch play while yesterday's work clears.
A76: 3 | B76: High Bullpen | C76: Classic starter bullpen day — enough runway to recover before the next outing.
A77: 4 | B77: Medium | C77: Build day — moderate long toss/pulldowns, not yet max effort.
A78: 5 | B78: Low | C78: Start of taper week: 5 days out, base/recovery work before the build back up.
A80: Far-Out Build Cycle (repeats when more than 5 days from the next High-Intent Day)
A81: The taper table above only covers the last 5 days before your High-Intent Day. Beyond that, instead of flatlining at "Low" for the whole gap (which left long stretches with no training stimulus), Next Outing Planner cycles through this 3-day rhythm — build, compete, recover — repeating until the taper window starts. No day type repeats two days in a row. Tune this table the same way as the taper table above.
A83: Cycle Position (days-6) MOD 3 | B83: Day Type | C83: Why
A84: 0 | B84: Medium | C84: Build day in the repeating base cycle.
A85: 1 | B85: High Non-Bullpen | C85: Compete/high-intent day in the repeating base cycle.
A86: 2 | B86: Low | C86: Recovery day in the repeating base cycle — spaced so it never lands two days running.

Sheet Roster
A1: Roster — Velocity Reference
A2: Blue cells = edit these. Add every player who throws. Avg Top Velo (not Peak Velo) drives the Intensity Factor in Throw Log — it's the average of several of his hardest, most competitive readings (a max-effort bullpen, his best few readings across recent outings), not the single fastest pitch he's ever thrown. A one-time peak is noisy; an average of his real top gear is a more reliable “100% intent” line. Peak Velo is kept for reference only and isn't used in any calculation.
A4: Player Name | B4: Position/Role | C4: Peak Velo (mph) (reference only) | D4: Avg Top Velo (mph) (used in calc) | E4: Notes
A5: Adam Arther | B5: LHP | C5: 92.2 | D5: 87.9

Sheet Throw Log
A1: Throw Log
A2: One row per throwing SET for most sessions (e.g. a long-toss step, a round of pulldowns). For the whole staff, log Start/End Time — throw count is estimated from that segment's pace (Reference tab); for a rehab guy or a bullpen (easy to count exactly), put the real number in Actual Throw Count and it overrides the time estimate. Enter Velo as a range (Velo Low–High, e.g. 70–74) — the midpoint is used for the calc. For Session Type “Bullpen” or “Game,” leave Distance blank — mound work uses a flat Mound Factor instead (Reference tab). GAME DAYS get ONE row, not two: fill columns H–L for the live outing (pitches + entering/between-innings warm-up, per the Reference callout) and use the Warmup/Bullpen columns (R–T) on that SAME row for whatever he threw getting loose in the pen beforehand — it's added into that row's Set Workload automatically at the Bullpen Mound Factor. Any day that closes by working back in at 60' gets the same treatment: use the 60' Throws / 60' Velo columns (X–Z) on that same row instead of a second row — they're added in at the flat 60' Distance Factor. Blue cells = your input; everything else calculates automatically.
A4: Date | B4: Player | C4: Session Type | D4: Distance (ft) (n/a for Bullpen/Game) | E4: Start Time | F4: End Time | G4: Duration (min) | H4: Actual Throw Count (optional override) | I4: Throws Used in Calc | J4: Velo Low (mph) | K4: Velo High (mph) | L4: Velo Mid (mph) | M4: Player Avg Top Velo | N4: Velo Deficit (mph below avg) | O4: Distance/Mound Factor | P4: Intensity Factor | Q4: Set Workload (main + warmup + 60') | R4: Warmup/Bullpen Throws (same day, optional) | S4: Warmup Velo Low | T4: Warmup Velo High | U4: Warmup Velo Mid | V4: Warmup Deficit | W4: Warmup Intensity Factor | X4: 60' Throws (working back in, optional) | Y4: 60' Velo Low | Z4: 60' Velo High | AA4: 60' Velo Mid | AB4: 60' Deficit | AC4: 60' Intensity Factor | AD4: Notes (arm feel, RPE, etc.)
A5: 46265 | B5: Adam Arther | C5: Moderate | D5: 120 | E5: 0.075694444 | F5: 0.085416667 | G5: =IF(OR(E5="",F5=""),"",(F5-E5)*1440) -> 14 | I5: =IF(H5<>"",H5,IF(G5="","",ROUND(G5*IFERROR(INDEX(Reference!$B$44:$B$50,MATCH(C5,Reference!$A$44:$A$50,0)),0),0))) -> 49 | J5: 75 | K5: 81 | L5: =IF(J5="","",IF(K5="",J5,AVERAGE(J5,K5))) -> 78 | M5: =IFERROR(INDEX(Roster!$D$5:$D$40,MATCH(B5,Roster!$A$5:$A$40,0)),"") -> 87.9 | N5: =IF(OR(L5="",M5="",M5=0),"",M5-L5) -> 9.9 | O5: =IF(OR(C5="Bullpen",C5="Game"),IFERROR(INDEX(Reference!$B$61:$B$62,MATCH(C5,Reference!$A$61:$A$62,0)),""),IF(D5="","",VLOOKUP(D5,Reference!$A$6:$B$11,2,TRUE()))) -> 1.7 | P5: =IF(N5="","",VLOOKUP(MAX(N5,0),Reference!$A$17:$B$20,2,TRUE())) -> 1 | Q5: =IF(AND(OR(I5="",O5="",P5=""),OR(R5="",W5=""),OR(X5="",AC5="")),"",IF(OR(I5="",O5="",P5=""),0,I5*O5*P5)+IF(OR(R5="",W5=""),0,R5*IFERROR(INDEX(Reference!$B$61:$B$62,MATCH("Bullpen",Reference!$A$61:$A$62,0)),0)*W5)+IF(OR(X5="",AC5=""),0,X5*VLOOKUP(60,Reference!$A$6:$B$11,2,TRUE())*AC5)) -> 83.3 | U5: =IF(S5="","",IF(T5="",S5,AVERAGE(S5,T5))) | V5: =IF(OR(U5="",M5="",M5=0),"",M5-U5) | W5: =IF(V5="","",VLOOKUP(MAX(V5,0),Reference!$A$17:$B$20,2,TRUE())) | AA5: =IF(Y5="","",IF(Z5="",Y5,AVERAGE(Y5,Z5))) | AB5: =IF(OR(AA5="",M5="",M5=0),"",M5-AA5) | AC5: =IF(AB5="","",VLOOKUP(MAX(AB5,0),Reference!$A$17:$B$20,2,TRUE())) | AD5: Timed the whole group together
A6: 46266 | B6: Adam Arther | C6: Recovery/Easy Catch | D6: 75 | E6: 0.072916667 | F6: 0.08125 | G6: =IF(OR(E6="",F6=""),"",(F6-E6)*1440) -> 12 | I6: =IF(H6<>"",H6,IF(G6="","",ROUND(G6*IFERROR(INDEX(Reference!$B$44:$B$50,MATCH(C6,Reference!$A$44:$A$50,0)),0),0))) -> 54 | J6: 72 | K6: 75 | L6: =IF(J6="","",IF(K6="",J6,AVERAGE(J6,K6))) -> 73.5 | M6: =IFERROR(INDEX(Roster!$D$5:$D$40,MATCH(B6,Roster!$A$5:$A$40,0)),"") -> 87.9 | N6: =IF(OR(L6="",M6="",M6=0),"",M6-L6) -> 14.4 | O6: =IF(OR(C6="Bullpen",C6="Game"),IFERROR(INDEX(Reference!$B$61:$B$62,MATCH(C6,Reference!$A$61:$A$62,0)),""),IF(D6="","",VLOOKUP(D6,Reference!$A$6:$B$11,2,TRUE()))) -> 1.3 | P6: =IF(N6="","",VLOOKUP(MAX(N6,0),Reference!$A$17:$B$20,2,TRUE())) -> 0.6 | Q6: =IF(AND(OR(I6="",O6="",P6=""),OR(R6="",W6=""),OR(X6="",AC6="")),"",IF(OR(I6="",O6="",P6=""),0,I6*O6*P6)+IF(OR(R6="",W6=""),0,R6*IFERROR(INDEX(Reference!$B$61:$B$62,MATCH("Bullpen",Reference!$A$61:$A$62,0)),0)*W6)+IF(OR(X6="",AC6=""),0,X6*VLOOKUP(60,Reference!$A$6:$B$11,2,TRUE())*AC6)) -> 42.12 | U6: =IF(S6="","",IF(T6="",S6,AVERAGE(S6,T6))) | V6: =IF(OR(U6="",M6="",M6=0),"",M6-U6) | W6: =IF(V6="","",VLOOKUP(MAX(V6,0),Reference!$A$17:$B$20,2,TRUE())) | AA6: =IF(Y6="","",IF(Z6="",Y6,AVERAGE(Y6,Z6))) | AB6: =IF(OR(AA6="",M6="",M6=0),"",M6-AA6) | AC6: =IF(AB6="","",VLOOKUP(MAX(AB6,0),Reference!$A$17:$B$20,2,TRUE())) | AD6: WORKING BACK — stretching out to 150 ft, easy effort, estimated from time
A7: 46267 | B7: Adam Arther | C7: Moderate | D7: 120 | E7: 0.075694444 | F7: 0.085416667 | G7: =IF(OR(E7="",F7=""),"",(F7-E7)*1440) -> 14 | I7: =IF(H7<>"",H7,IF(G7="","",ROUND(G7*IFERROR(INDEX(Reference!$B$44:$B$50,MATCH(C7,Reference!$A$44:$A$50,0)),0),0))) -> 49 | J7: 75 | K7: 81 | L7: =IF(J7="","",IF(K7="",J7,AVERAGE(J7,K7))) -> 78 | M7: =IFERROR(INDEX(Roster!$D$5:$D$40,MATCH(B7,Roster!$A$5:$A$40,0)),"") -> 87.9 | N7: =IF(OR(L7="",M7="",M7=0),"",M7-L7) -> 9.9 | O7: =IF(OR(C7="Bullpen",C7="Game"),IFERROR(INDEX(Reference!$B$61:$B$62,MATCH(C7,Reference!$A$61:$A$62,0)),""),IF(D7="","",VLOOKUP(D7,Reference!$A$6:$B$11,2,TRUE()))) -> 1.7 | P7: =IF(N7="","",VLOOKUP(MAX(N7,0),Reference!$A$17:$B$20,2,TRUE())) -> 1 | Q7: =IF(AND(OR(I7="",O7="",P7=""),OR(R7="",W7=""),OR(X7="",AC7="")),"",IF(OR(I7="",O7="",P7=""),0,I7*O7*P7)+IF(OR(R7="",W7=""),0,R7*IFERROR(INDEX(Reference!$B$61:$B$62,MATCH("Bullpen",Reference!$A$61:$A$62,0)),0)*W7)+IF(OR(X7="",AC7=""),0,X7*VLOOKUP(60,Reference!$A$6:$B$11,2,TRUE())*AC7)) -> 83.3 | U7: =IF(S7="","",IF(T7="",S7,AVERAGE(S7,T7))) | V7: =IF(OR(U7="",M7="",M7=0),"",M7-U7) | W7: =IF(V7="","",VLOOKUP(MAX(V7,0),Reference!$A$17:$B$20,2,TRUE())) | AA7: =IF(Y7="","",IF(Z7="",Y7,AVERAGE(Y7,Z7))) | AB7: =IF(OR(AA7="",M7="",M7=0),"",M7-AA7) | AC7: =IF(AB7="","",VLOOKUP(MAX(AB7,0),Reference!$A$17:$B$20,2,TRUE())) | AD7: WORKING IN — compression at 90 ft; radar-gunned so exact count overrides the time estimate
A8: 46268 | B8: Adam Arther | C8: Moderate | D8: 120 | E8: 0.072916667 | F8: 0.086805556 | G8: =IF(OR(E8="",F8=""),"",(F8-E8)*1440) -> 20 | I8: =IF(H8<>"",H8,IF(G8="","",ROUND(G8*IFERROR(INDEX(Reference!$B$44:$B$50,MATCH(C8,Reference!$A$44:$A$50,0)),0),0))) -> 70 | J8: 75 | K8: 84 | L8: =IF(J8="","",IF(K8="",J8,AVERAGE(J8,K8))) -> 79.5 | M8: =IFERROR(INDEX(Roster!$D$5:$D$40,MATCH(B8,Roster!$A$5:$A$40,0)),"") -> 87.9 | N8: =IF(OR(L8="",M8="",M8=0),"",M8-L8) -> 8.4 | O8: =IF(OR(C8="Bullpen",C8="Game"),IFERROR(INDEX(Reference!$B$61:$B$62,MATCH(C8,Reference!$A$61:$A$62,0)),""),IF(D8="","",VLOOKUP(D8,Reference!$A$6:$B$11,2,TRUE()))) -> 1.7 | P8: =IF(N8="","",VLOOKUP(MAX(N8,0),Reference!$A$17:$B$20,2,TRUE())) -> 1 | Q8: =IF(AND(OR(I8="",O8="",P8=""),OR(R8="",W8=""),OR(X8="",AC8="")),"",IF(OR(I8="",O8="",P8=""),0,I8*O8*P8)+IF(OR(R8="",W8=""),0,R8*IFERROR(INDEX(Reference!$B$61:$B$62,MATCH("Bullpen",Reference!$A$61:$A$62,0)),0)*W8)+IF(OR(X8="",AC8=""),0,X8*VLOOKUP(60,Reference!$A$6:$B$11,2,TRUE())*AC8)) -> 119 | U8: =IF(S8="","",IF(T8="",S8,AVERAGE(S8,T8))) | V8: =IF(OR(U8="",M8="",M8=0),"",M8-U8) | W8: =IF(V8="","",VLOOKUP(MAX(V8,0),Reference!$A$17:$B$20,2,TRUE())) | AA8: =IF(Y8="","",IF(Z8="",Y8,AVERAGE(Y8,Z8))) | AB8: =IF(OR(AA8="",M8="",M8=0),"",M8-AA8) | AC8: =IF(AB8="","",VLOOKUP(MAX(AB8,0),Reference!$A$17:$B$20,2,TRUE())) | AD8: Rehab example: exact count, no time logged
A9: 46269 | B9: Adam Arther | C9: No Throw | D9: 0 | G9: =IF(OR(E9="",F9=""),"",(F9-E9)*1440) | I9: =IF(H9<>"",H9,IF(G9="","",ROUND(G9*IFERROR(INDEX(Reference!$B$44:$B$50,MATCH(C9,Reference!$A$44:$A$50,0)),0),0))) | L9: =IF(J9="","",IF(K9="",J9,AVERAGE(J9,K9))) | M9: =IFERROR(INDEX(Roster!$D$5:$D$40,MATCH(B9,Roster!$A$5:$A$40,0)),"") -> 87.9 | N9: =IF(OR(L9="",M9="",M9=0),"",M9-L9) | O9: =IF(OR(C9="Bullpen",C9="Game"),IFERROR(INDEX(Reference!$B$61:$B$62,MATCH(C9,Reference!$A$61:$A$62,0)),""),IF(D9="","",VLOOKUP(D9,Reference!$A$6:$B$11,2,TRUE()))) -> 1 | P9: =IF(N9="","",VLOOKUP(MAX(N9,0),Reference!$A$17:$B$20,2,TRUE())) | Q9: =IF(AND(OR(I9="",O9="",P9=""),OR(R9="",W9=""),OR(X9="",AC9="")),"",IF(OR(I9="",O9="",P9=""),0,I9*O9*P9)+IF(OR(R9="",W9=""),0,R9*IFERROR(INDEX(Reference!$B$61:$B$62,MATCH("Bullpen",Reference!$A$61:$A$62,0)),0)*W9)+IF(OR(X9="",AC9=""),0,X9*VLOOKUP(60,Reference!$A$6:$B$11,2,TRUE())*AC9)) | U9: =IF(S9="","",IF(T9="",S9,AVERAGE(S9,T9))) | V9: =IF(OR(U9="",M9="",M9=0),"",M9-U9) | W9: =IF(V9="","",VLOOKUP(MAX(V9,0),Reference!$A$17:$B$20,2,TRUE())) | AA9: =IF(Y9="","",IF(Z9="",Y9,AVERAGE(Y9,Z9))) | AB9: =IF(OR(AA9="",M9="",M9=0),"",M9-AA9) | AC9: =IF(AB9="","",VLOOKUP(MAX(AB9,0),Reference!$A$17:$B$20,2,TRUE())) | AD9: 25 pitches off the mound — Distance left blank; Mound Factor is used automatically
A10: 46270 | B10: Adam Arther | C10: No Throw | D10: 0 | G10: =IF(OR(E10="",F10=""),"",(F10-E10)*1440) | I10: =IF(H10<>"",H10,IF(G10="","",ROUND(G10*IFERROR(INDEX(Reference!$B$44:$B$50,MATCH(C10,Reference!$A$44:$A$50,0)),0),0))) | L10: =IF(J10="","",IF(K10="",J10,AVERAGE(J10,K10))) | M10: =IFERROR(INDEX(Roster!$D$5:$D$40,MATCH(B10,Roster!$A$5:$A$40,0)),"") -> 87.9 | N10: =IF(OR(L10="",M10="",M10=0),"",M10-L10) | O10: =IF(OR(C10="Bullpen",C10="Game"),IFERROR(INDEX(Reference!$B$61:$B$62,MATCH(C10,Reference!$A$61:$A$62,0)),""),IF(D10="","",VLOOKUP(D10,Reference!$A$6:$B$11,2,TRUE()))) -> 1 | P10: =IF(N10="","",VLOOKUP(MAX(N10,0),Reference!$A$17:$B$20,2,TRUE())) | Q10: =IF(AND(OR(I10="",O10="",P10=""),OR(R10="",W10=""),OR(X10="",AC10="")),"",IF(OR(I10="",O10="",P10=""),0,I10*O10*P10)+IF(OR(R10="",W10=""),0,R10*IFERROR(INDEX(Reference!$B$61:$B$62,MATCH("Bullpen",Reference!$A$61:$A$62,0)),0)*W10)+IF(OR(X10="",AC10=""),0,X10*VLOOKUP(60,Reference!$A$6:$B$11,2,TRUE())*AC10)) | U10: =IF(S10="","",IF(T10="",S10,AVERAGE(S10,T10))) | V10: =IF(OR(U10="",M10="",M10=0),"",M10-U10) | W10: =IF(V10="","",VLOOKUP(MAX(V10,0),Reference!$A$17:$B$20,2,TRUE())) | AA10: =IF(Y10="","",IF(Z10="",Y10,AVERAGE(Y10,Z10))) | AB10: =IF(OR(AA10="",M10="",M10=0),"",M10-AA10) | AC10: =IF(AB10="","",VLOOKUP(MAX(AB10,0),Reference!$A$17:$B$20,2,TRUE())) | AD10: GAME DAY — ONE row: 18 live pitches + 8 entering warm-up = 26 in cols H-K, PLUS 18 pen warm-up throws before he was called on in cols R-T. Set Workload (col Q) folds both in automatically.
A11: 46271 | B11: Adam Arther | C11: Moderate | D11: 120 | E11: 0.072916667 | F11: 0.086805556 | G11: =IF(OR(E11="",F11=""),"",(F11-E11)*1440) -> 20 | I11: =IF(H11<>"",H11,IF(G11="","",ROUND(G11*IFERROR(INDEX(Reference!$B$44:$B$50,MATCH(C11,Reference!$A$44:$A$50,0)),0),0))) -> 70 | J11: 75 | K11: 81 | L11: =IF(J11="","",IF(K11="",J11,AVERAGE(J11,K11))) -> 78 | M11: =IFERROR(INDEX(Roster!$D$5:$D$40,MATCH(B11,Roster!$A$5:$A$40,0)),"") -> 87.9 | N11: =IF(OR(L11="",M11="",M11=0),"",M11-L11) -> 9.9 | O11: =IF(OR(C11="Bullpen",C11="Game"),IFERROR(INDEX(Reference!$B$61:$B$62,MATCH(C11,Reference!$A$61:$A$62,0)),""),IF(D11="","",VLOOKUP(D11,Reference!$A$6:$B$11,2,TRUE()))) -> 1.7 | P11: =IF(N11="","",VLOOKUP(MAX(N11,0),Reference!$A$17:$B$20,2,TRUE())) -> 1 | Q11: =IF(AND(OR(I11="",O11="",P11=""),OR(R11="",W11=""),OR(X11="",AC11="")),"",IF(OR(I11="",O11="",P11=""),0,I11*O11*P11)+IF(OR(R11="",W11=""),0,R11*IFERROR(INDEX(Reference!$B$61:$B$62,MATCH("Bullpen",Reference!$A$61:$A$62,0)),0)*W11)+IF(OR(X11="",AC11=""),0,X11*VLOOKUP(60,Reference!$A$6:$B$11,2,TRUE())*AC11)) -> 119 | U11: =IF(S11="","",IF(T11="",S11,AVERAGE(S11,T11))) | V11: =IF(OR(U11="",M11="",M11=0),"",M11-U11) | W11: =IF(V11="","",VLOOKUP(MAX(V11,0),Reference!$A$17:$B$20,2,TRUE())) | AA11: =IF(Y11="","",IF(Z11="",Y11,AVERAGE(Y11,Z11))) | AB11: =IF(OR(AA11="",M11="",M11=0),"",M11-AA11) | AC11: =IF(AB11="","",VLOOKUP(MAX(AB11,0),Reference!$A$17:$B$20,2,TRUE()))
A12: 46272 | B12: Adam Arther | C12: Recovery/Easy Catch | D12: 75 | E12: 0.072916667 | F12: 0.079861111 | G12: =IF(OR(E12="",F12=""),"",(F12-E12)*1440) -> 10 | I12: =IF(H12<>"",H12,IF(G12="","",ROUND(G12*IFERROR(INDEX(Reference!$B$44:$B$50,MATCH(C12,Reference!$A$44:$A$50,0)),0),0))) -> 45 | J12: 72 | K12: 75 | L12: =IF(J12="","",IF(K12="",J12,AVERAGE(J12,K12))) -> 73.5 | M12: =IFERROR(INDEX(Roster!$D$5:$D$40,MATCH(B12,Roster!$A$5:$A$40,0)),"") -> 87.9 | N12: =IF(OR(L12="",M12="",M12=0),"",M12-L12) -> 14.4 | O12: =IF(OR(C12="Bullpen",C12="Game"),IFERROR(INDEX(Reference!$B$61:$B$62,MATCH(C12,Reference!$A$61:$A$62,0)),""),IF(D12="","",VLOOKUP(D12,Reference!$A$6:$B$11,2,TRUE()))) -> 1.3 | P12: =IF(N12="","",VLOOKUP(MAX(N12,0),Reference!$A$17:$B$20,2,TRUE())) -> 0.6 | Q12: =IF(AND(OR(I12="",O12="",P12=""),OR(R12="",W12=""),OR(X12="",AC12="")),"",IF(OR(I12="",O12="",P12=""),0,I12*O12*P12)+IF(OR(R12="",W12=""),0,R12*IFERROR(INDEX(Reference!$B$61:$B$62,MATCH("Bullpen",Reference!$A$61:$A$62,0)),0)*W12)+IF(OR(X12="",AC12=""),0,X12*VLOOKUP(60,Reference!$A$6:$B$11,2,TRUE())*AC12)) -> 35.1 | U12: =IF(S12="","",IF(T12="",S12,AVERAGE(S12,T12))) | V12: =IF(OR(U12="",M12="",M12=0),"",M12-U12) | W12: =IF(V12="","",VLOOKUP(MAX(V12,0),Reference!$A$17:$B$20,2,TRUE())) | AA12: =IF(Y12="","",IF(Z12="",Y12,AVERAGE(Y12,Z12))) | AB12: =IF(OR(AA12="",M12="",M12=0),"",M12-AA12) | AC12: =IF(AB12="","",VLOOKUP(MAX(AB12,0),Reference!$A$17:$B$20,2,TRUE()))
A13: 46273 | B13: Adam Arther | C13: Bullpen | E13: 0.072916667 | G13: =IF(OR(E13="",F13=""),"",(F13-E13)*1440) | I13: =IF(H13<>"",H13,IF(G13="","",ROUND(G13*IFERROR(INDEX(Reference!$B$44:$B$50,MATCH(C13,Reference!$A$44:$A$50,0)),0),0))) | J13: 86 | K13: 88 | L13: =IF(J13="","",IF(K13="",J13,AVERAGE(J13,K13))) -> 87 | M13: =IFERROR(INDEX(Roster!$D$5:$D$40,MATCH(B13,Roster!$A$5:$A$40,0)),"") -> 87.9 | N13: =IF(OR(L13="",M13="",M13=0),"",M13-L13) -> 0.9 | O13: =IF(OR(C13="Bullpen",C13="Game"),IFERROR(INDEX(Reference!$B$61:$B$62,MATCH(C13,Reference!$A$61:$A$62,0)),""),IF(D13="","",VLOOKUP(D13,Reference!$A$6:$B$11,2,TRUE()))) -> 3 | P13: =IF(N13="","",VLOOKUP(MAX(N13,0),Reference!$A$17:$B$20,2,TRUE())) -> 2 | Q13: =IF(AND(OR(I13="",O13="",P13=""),OR(R13="",W13=""),OR(X13="",AC13="")),"",IF(OR(I13="",O13="",P13=""),0,I13*O13*P13)+IF(OR(R13="",W13=""),0,R13*IFERROR(INDEX(Reference!$B$61:$B$62,MATCH("Bullpen",Reference!$A$61:$A$62,0)),0)*W13)+IF(OR(X13="",AC13=""),0,X13*VLOOKUP(60,Reference!$A$6:$B$11,2,TRUE())*AC13)) | U13: =IF(S13="","",IF(T13="",S13,AVERAGE(S13,T13))) | V13: =IF(OR(U13="",M13="",M13=0),"",M13-U13) | W13: =IF(V13="","",VLOOKUP(MAX(V13,0),Reference!$A$17:$B$20,2,TRUE())) | AA13: =IF(Y13="","",IF(Z13="",Y13,AVERAGE(Y13,Z13))) | AB13: =IF(OR(AA13="",M13="",M13=0),"",M13-AA13) | AC13: =IF(AB13="","",VLOOKUP(MAX(AB13,0),Reference!$A$17:$B$20,2,TRUE()))
A14: 46274 | B14: Adam Arther | C14: Recovery/Easy Catch | D14: 75 | E14: 0.072916667 | F14: 0.079861111 | G14: =IF(OR(E14="",F14=""),"",(F14-E14)*1440) -> 10 | I14: =IF(H14<>"",H14,IF(G14="","",ROUND(G14*IFERROR(INDEX(Reference!$B$44:$B$50,MATCH(C14,Reference!$A$44:$A$50,0)),0),0))) -> 45 | J14: 72 | K14: 75 | L14: =IF(J14="","",IF(K14="",J14,AVERAGE(J14,K14))) -> 73.5 | M14: =IFERROR(INDEX(Roster!$D$5:$D$40,MATCH(B14,Roster!$A$5:$A$40,0)),"") -> 87.9 | N14: =IF(OR(L14="",M14="",M14=0),"",M14-L14) -> 14.4 | O14: =IF(OR(C14="Bullpen",C14="Game"),IFERROR(INDEX(Reference!$B$61:$B$62,MATCH(C14,Reference!$A$61:$A$62,0)),""),IF(D14="","",VLOOKUP(D14,Reference!$A$6:$B$11,2,TRUE()))) -> 1.3 | P14: =IF(N14="","",VLOOKUP(MAX(N14,0),Reference!$A$17:$B$20,2,TRUE())) -> 0.6 | Q14: =IF(AND(OR(I14="",O14="",P14=""),OR(R14="",W14=""),OR(X14="",AC14="")),"",IF(OR(I14="",O14="",P14=""),0,I14*O14*P14)+IF(OR(R14="",W14=""),0,R14*IFERROR(INDEX(Reference!$B$61:$B$62,MATCH("Bullpen",Reference!$A$61:$A$62,0)),0)*W14)+IF(OR(X14="",AC14=""),0,X14*VLOOKUP(60,Reference!$A$6:$B$11,2,TRUE())*AC14)) -> 35.1 | U14: =IF(S14="","",IF(T14="",S14,AVERAGE(S14,T14))) | V14: =IF(OR(U14="",M14="",M14=0),"",M14-U14) | W14: =IF(V14="","",VLOOKUP(MAX(V14,0),Reference!$A$17:$B$20,2,TRUE())) | AA14: =IF(Y14="","",IF(Z14="",Y14,AVERAGE(Y14,Z14))) | AB14: =IF(OR(AA14="",M14="",M14=0),"",M14-AA14) | AC14: =IF(AB14="","",VLOOKUP(MAX(AB14,0),Reference!$A$17:$B$20,2,TRUE()))
A15: 46275 | B15: Adam Arther | C15: Moderate | D15: 90 | E15: 0.072916667 | F15: 0.086805556 | G15: =IF(OR(E15="",F15=""),"",(F15-E15)*1440) -> 20 | I15: =IF(H15<>"",H15,IF(G15="","",ROUND(G15*IFERROR(INDEX(Reference!$B$44:$B$50,MATCH(C15,Reference!$A$44:$A$50,0)),0),0))) -> 70 | J15: 75 | K15: 81 | L15: =IF(J15="","",IF(K15="",J15,AVERAGE(J15,K15))) -> 78 | M15: =IFERROR(INDEX(Roster!$D$5:$D$40,MATCH(B15,Roster!$A$5:$A$40,0)),"") -> 87.9 | N15: =IF(OR(L15="",M15="",M15=0),"",M15-L15) -> 9.9 | O15: =IF(OR(C15="Bullpen",C15="Game"),IFERROR(INDEX(Reference!$B$61:$B$62,MATCH(C15,Reference!$A$61:$A$62,0)),""),IF(D15="","",VLOOKUP(D15,Reference!$A$6:$B$11,2,TRUE()))) -> 1.3 | P15: =IF(N15="","",VLOOKUP(MAX(N15,0),Reference!$A$17:$B$20,2,TRUE())) -> 1 | Q15: =IF(AND(OR(I15="",O15="",P15=""),OR(R15="",W15=""),OR(X15="",AC15="")),"",IF(OR(I15="",O15="",P15=""),0,I15*O15*P15)+IF(OR(R15="",W15=""),0,R15*IFERROR(INDEX(Reference!$B$61:$B$62,MATCH("Bullpen",Reference!$A$61:$A$62,0)),0)*W15)+IF(OR(X15="",AC15=""),0,X15*VLOOKUP(60,Reference!$A$6:$B$11,2,TRUE())*AC15)) -> 91 | U15: =IF(S15="","",IF(T15="",S15,AVERAGE(S15,T15))) | V15: =IF(OR(U15="",M15="",M15=0),"",M15-U15) | W15: =IF(V15="","",VLOOKUP(MAX(V15,0),Reference!$A$17:$B$20,2,TRUE())) | AA15: =IF(Y15="","",IF(Z15="",Y15,AVERAGE(Y15,Z15))) | AB15: =IF(OR(AA15="",M15="",M15=0),"",M15-AA15) | AC15: =IF(AB15="","",VLOOKUP(MAX(AB15,0),Reference!$A$17:$B$20,2,TRUE()))
A16: 46276 | B16: Adam Arther | C16: Moderate | D16: 120 | E16: 0.072916667 | F16: 0.086805556 | G16: =IF(OR(E16="",F16=""),"",(F16-E16)*1440) -> 20 | I16: =IF(H16<>"",H16,IF(G16="","",ROUND(G16*IFERROR(INDEX(Reference!$B$44:$B$50,MATCH(C16,Reference!$A$44:$A$50,0)),0),0))) -> 70 | J16: 75 | K16: 84 | L16: =IF(J16="","",IF(K16="",J16,AVERAGE(J16,K16))) -> 79.5 | M16: =IFERROR(INDEX(Roster!$D$5:$D$40,MATCH(B16,Roster!$A$5:$A$40,0)),"") -> 87.9 | N16: =IF(OR(L16="",M16="",M16=0),"",M16-L16) -> 8.4 | O16: =IF(OR(C16="Bullpen",C16="Game"),IFERROR(INDEX(Reference!$B$61:$B$62,MATCH(C16,Reference!$A$61:$A$62,0)),""),IF(D16="","",VLOOKUP(D16,Reference!$A$6:$B$11,2,TRUE()))) -> 1.7 | P16: =IF(N16="","",VLOOKUP(MAX(N16,0),Reference!$A$17:$B$20,2,TRUE())) -> 1 | Q16: =IF(AND(OR(I16="",O16="",P16=""),OR(R16="",W16=""),OR(X16="",AC16="")),"",IF(OR(I16="",O16="",P16=""),0,I16*O16*P16)+IF(OR(R16="",W16=""),0,R16*IFERROR(INDEX(Reference!$B$61:$B$62,MATCH("Bullpen",Reference!$A$61:$A$62,0)),0)*W16)+IF(OR(X16="",AC16=""),0,X16*VLOOKUP(60,Reference!$A$6:$B$11,2,TRUE())*AC16)) -> 119 | U16: =IF(S16="","",IF(T16="",S16,AVERAGE(S16,T16))) | V16: =IF(OR(U16="",M16="",M16=0),"",M16-U16) | W16: =IF(V16="","",VLOOKUP(MAX(V16,0),Reference!$A$17:$B$20,2,TRUE())) | AA16: =IF(Y16="","",IF(Z16="",Y16,AVERAGE(Y16,Z16))) | AB16: =IF(OR(AA16="",M16="",M16=0),"",M16-AA16) | AC16: =IF(AB16="","",VLOOKUP(MAX(AB16,0),Reference!$A$17:$B$20,2,TRUE()))
A17: 46277 | B17: Adam Arther | C17: No Throw | D17: 0 | G17: =IF(OR(E17="",F17=""),"",(F17-E17)*1440) | I17: =IF(H17<>"",H17,IF(G17="","",ROUND(G17*IFERROR(INDEX(Reference!$B$44:$B$50,MATCH(C17,Reference!$A$44:$A$50,0)),0),0))) | L17: =IF(J17="","",IF(K17="",J17,AVERAGE(J17,K17))) | M17: =IFERROR(INDEX(Roster!$D$5:$D$40,MATCH(B17,Roster!$A$5:$A$40,0)),"") -> 87.9 | N17: =IF(OR(L17="",M17="",M17=0),"",M17-L17) | O17: =IF(OR(C17="Bullpen",C17="Game"),IFERROR(INDEX(Reference!$B$61:$B$62,MATCH(C17,Reference!$A$61:$A$62,0)),""),IF(D17="","",VLOOKUP(D17,Reference!$A$6:$B$11,2,TRUE()))) -> 1 | P17: =IF(N17="","",VLOOKUP(MAX(N17,0),Reference!$A$17:$B$20,2,TRUE())) | Q17: =IF(AND(OR(I17="",O17="",P17=""),OR(R17="",W17=""),OR(X17="",AC17="")),"",IF(OR(I17="",O17="",P17=""),0,I17*O17*P17)+IF(OR(R17="",W17=""),0,R17*IFERROR(INDEX(Reference!$B$61:$B$62,MATCH("Bullpen",Reference!$A$61:$A$62,0)),0)*W17)+IF(OR(X17="",AC17=""),0,X17*VLOOKUP(60,Reference!$A$6:$B$11,2,TRUE())*AC17)) | U17: =IF(S17="","",IF(T17="",S17,AVERAGE(S17,T17))) | V17: =IF(OR(U17="",M17="",M17=0),"",M17-U17) | W17: =IF(V17="","",VLOOKUP(MAX(V17,0),Reference!$A$17:$B$20,2,TRUE())) | AA17: =IF(Y17="","",IF(Z17="",Y17,AVERAGE(Y17,Z17))) | AB17: =IF(OR(AA17="",M17="",M17=0),"",M17-AA17) | AC17: =IF(AB17="","",VLOOKUP(MAX(AB17,0),Reference!$A$17:$B$20,2,TRUE()))
A18: 46278 | B18: Adam Arther | C18: Recovery/Easy Catch | D18: 75 | E18: 0.072916667 | F18: 0.079861111 | G18: =IF(OR(E18="",F18=""),"",(F18-E18)*1440) -> 10 | I18: =IF(H18<>"",H18,IF(G18="","",ROUND(G18*IFERROR(INDEX(Reference!$B$44:$B$50,MATCH(C18,Reference!$A$44:$A$50,0)),0),0))) -> 45 | J18: 72 | K18: 75 | L18: =IF(J18="","",IF(K18="",J18,AVERAGE(J18,K18))) -> 73.5 | M18: =IFERROR(INDEX(Roster!$D$5:$D$40,MATCH(B18,Roster!$A$5:$A$40,0)),"") -> 87.9 | N18: =IF(OR(L18="",M18="",M18=0),"",M18-L18) -> 14.4 | O18: =IF(OR(C18="Bullpen",C18="Game"),IFERROR(INDEX(Reference!$B$61:$B$62,MATCH(C18,Reference!$A$61:$A$62,0)),""),IF(D18="","",VLOOKUP(D18,Reference!$A$6:$B$11,2,TRUE()))) -> 1.3 | P18: =IF(N18="","",VLOOKUP(MAX(N18,0),Reference!$A$17:$B$20,2,TRUE())) -> 0.6 | Q18: =IF(AND(OR(I18="",O18="",P18=""),OR(R18="",W18=""),OR(X18="",AC18="")),"",IF(OR(I18="",O18="",P18=""),0,I18*O18*P18)+IF(OR(R18="",W18=""),0,R18*IFERROR(INDEX(Reference!$B$61:$B$62,MATCH("Bullpen",Reference!$A$61:$A$62,0)),0)*W18)+IF(OR(X18="",AC18=""),0,X18*VLOOKUP(60,Reference!$A$6:$B$11,2,TRUE())*AC18)) -> 35.1 | U18: =IF(S18="","",IF(T18="",S18,AVERAGE(S18,T18))) | V18: =IF(OR(U18="",M18="",M18=0),"",M18-U18) | W18: =IF(V18="","",VLOOKUP(MAX(V18,0),Reference!$A$17:$B$20,2,TRUE())) | AA18: =IF(Y18="","",IF(Z18="",Y18,AVERAGE(Y18,Z18))) | AB18: =IF(OR(AA18="",M18="",M18=0),"",M18-AA18) | AC18: =IF(AB18="","",VLOOKUP(MAX(AB18,0),Reference!$A$17:$B$20,2,TRUE()))
A19: 46279 | B19: Adam Arther | C19: Bullpen | E19: 0.072916667 | G19: =IF(OR(E19="",F19=""),"",(F19-E19)*1440) | H19: 23 | I19: =IF(H19<>"",H19,IF(G19="","",ROUND(G19*IFERROR(INDEX(Reference!$B$44:$B$50,MATCH(C19,Reference!$A$44:$A$50,0)),0),0))) -> 23 | J19: 84 | K19: 86 | L19: =IF(J19="","",IF(K19="",J19,AVERAGE(J19,K19))) -> 85 | M19: =IFERROR(INDEX(Roster!$D$5:$D$40,MATCH(B19,Roster!$A$5:$A$40,0)),"") -> 87.9 | N19: =IF(OR(L19="",M19="",M19=0),"",M19-L19) -> 2.9 | O19: =IF(OR(C19="Bullpen",C19="Game"),IFERROR(INDEX(Reference!$B$61:$B$62,MATCH(C19,Reference!$A$61:$A$62,0)),""),IF(D19="","",VLOOKUP(D19,Reference!$A$6:$B$11,2,TRUE()))) -> 3 | P19: =IF(N19="","",VLOOKUP(MAX(N19,0),Reference!$A$17:$B$20,2,TRUE())) -> 2 | Q19: =IF(AND(OR(I19="",O19="",P19=""),OR(R19="",W19=""),OR(X19="",AC19="")),"",IF(OR(I19="",O19="",P19=""),0,I19*O19*P19)+IF(OR(R19="",W19=""),0,R19*IFERROR(INDEX(Reference!$B$61:$B$62,MATCH("Bullpen",Reference!$A$61:$A$62,0)),0)*W19)+IF(OR(X19="",AC19=""),0,X19*VLOOKUP(60,Reference!$A$6:$B$11,2,TRUE())*AC19)) -> 138 | U19: =IF(S19="","",IF(T19="",S19,AVERAGE(S19,T19))) | V19: =IF(OR(U19="",M19="",M19=0),"",M19-U19) | W19: =IF(V19="","",VLOOKUP(MAX(V19,0),Reference!$A$17:$B$20,2,TRUE())) | AA19: =IF(Y19="","",IF(Z19="",Y19,AVERAGE(Y19,Z19))) | AB19: =IF(OR(AA19="",M19="",M19=0),"",M19-AA19) | AC19: =IF(AB19="","",VLOOKUP(MAX(AB19,0),Reference!$A$17:$B$20,2,TRUE()))
A20: 46280 | B20: Adam Arther | C20: Recovery/Easy Catch | D20: 75 | E20: 0.072916667 | F20: 0.079861111 | G20: =IF(OR(E20="",F20=""),"",(F20-E20)*1440) -> 10 | I20: =IF(H20<>"",H20,IF(G20="","",ROUND(G20*IFERROR(INDEX(Reference!$B$44:$B$50,MATCH(C20,Reference!$A$44:$A$50,0)),0),0))) -> 45 | L20: =IF(J20="","",IF(K20="",J20,AVERAGE(J20,K20))) | M20: =IFERROR(INDEX(Roster!$D$5:$D$40,MATCH(B20,Roster!$A$5:$A$40,0)),"") -> 87.9 | N20: =IF(OR(L20="",M20="",M20=0),"",M20-L20) | O20: =IF(OR(C20="Bullpen",C20="Game"),IFERROR(INDEX(Reference!$B$61:$B$62,MATCH(C20,Reference!$A$61:$A$62,0)),""),IF(D20="","",VLOOKUP(D20,Reference!$A$6:$B$11,2,TRUE()))) -> 1.3 | P20: =IF(N20="","",VLOOKUP(MAX(N20,0),Reference!$A$17:$B$20,2,TRUE())) | Q20: =IF(AND(OR(I20="",O20="",P20=""),OR(R20="",W20=""),OR(X20="",AC20="")),"",IF(OR(I20="",O20="",P20=""),0,I20*O20*P20)+IF(OR(R20="",W20=""),0,R20*IFERROR(INDEX(Reference!$B$61:$B$62,MATCH("Bullpen",Reference!$A$61:$A$62,0)),0)*W20)+IF(OR(X20="",AC20=""),0,X20*VLOOKUP(60,Reference!$A$6:$B$11,2,TRUE())*AC20)) | U20: =IF(S20="","",IF(T20="",S20,AVERAGE(S20,T20))) | V20: =IF(OR(U20="",M20="",M20=0),"",M20-U20) | W20: =IF(V20="","",VLOOKUP(MAX(V20,0),Reference!$A$17:$B$20,2,TRUE())) | AA20: =IF(Y20="","",IF(Z20="",Y20,AVERAGE(Y20,Z20))) | AB20: =IF(OR(AA20="",M20="",M20=0),"",M20-AA20) | AC20: =IF(AB20="","",VLOOKUP(MAX(AB20,0),Reference!$A$17:$B$20,2,TRUE()))
A21: 46281 | B21: Adam Arther | C21: Moderate | D21: 120 | E21: 0.075694444 | F21: 0.085416667 | G21: =IF(OR(E21="",F21=""),"",(F21-E21)*1440) -> 14 | I21: =IF(H21<>"",H21,IF(G21="","",ROUND(G21*IFERROR(INDEX(Reference!$B$44:$B$50,MATCH(C21,Reference!$A$44:$A$50,0)),0),0))) -> 49 | J21: 75 | K21: 81 | L21: =IF(J21="","",IF(K21="",J21,AVERAGE(J21,K21))) -> 78 | M21: =IFERROR(INDEX(Roster!$D$5:$D$40,MATCH(B21,Roster!$A$5:$A$40,0)),"") -> 87.9 | N21: =IF(OR(L21="",M21="",M21=0),"",M21-L21) -> 9.9 | O21: =IF(OR(C21="Bullpen",C21="Game"),IFERROR(INDEX(Reference!$B$61:$B$62,MATCH(C21,Reference!$A$61:$A$62,0)),""),IF(D21="","",VLOOKUP(D21,Reference!$A$6:$B$11,2,TRUE()))) -> 1.7 | P21: =IF(N21="","",VLOOKUP(MAX(N21,0),Reference!$A$17:$B$20,2,TRUE())) -> 1 | Q21: =IF(AND(OR(I21="",O21="",P21=""),OR(R21="",W21=""),OR(X21="",AC21="")),"",IF(OR(I21="",O21="",P21=""),0,I21*O21*P21)+IF(OR(R21="",W21=""),0,R21*IFERROR(INDEX(Reference!$B$61:$B$62,MATCH("Bullpen",Reference!$A$61:$A$62,0)),0)*W21)+IF(OR(X21="",AC21=""),0,X21*VLOOKUP(60,Reference!$A$6:$B$11,2,TRUE())*AC21)) -> 83.3 | U21: =IF(S21="","",IF(T21="",S21,AVERAGE(S21,T21))) | V21: =IF(OR(U21="",M21="",M21=0),"",M21-U21) | W21: =IF(V21="","",VLOOKUP(MAX(V21,0),Reference!$A$17:$B$20,2,TRUE())) | AA21: =IF(Y21="","",IF(Z21="",Y21,AVERAGE(Y21,Z21))) | AB21: =IF(OR(AA21="",M21="",M21=0),"",M21-AA21) | AC21: =IF(AB21="","",VLOOKUP(MAX(AB21,0),Reference!$A$17:$B$20,2,TRUE()))
A22: 46282 | B22: Adam Arther | C22: Bullpen | E22: 0.072916667 | G22: =IF(OR(E22="",F22=""),"",(F22-E22)*1440) | H22: 27 | I22: =IF(H22<>"",H22,IF(G22="","",ROUND(G22*IFERROR(INDEX(Reference!$B$44:$B$50,MATCH(C22,Reference!$A$44:$A$50,0)),0),0))) -> 27 | J22: 86 | K22: 88 | L22: =IF(J22="","",IF(K22="",J22,AVERAGE(J22,K22))) -> 87 | M22: =IFERROR(INDEX(Roster!$D$5:$D$40,MATCH(B22,Roster!$A$5:$A$40,0)),"") -> 87.9 | N22: =IF(OR(L22="",M22="",M22=0),"",M22-L22) -> 0.9 | O22: =IF(OR(C22="Bullpen",C22="Game"),IFERROR(INDEX(Reference!$B$61:$B$62,MATCH(C22,Reference!$A$61:$A$62,0)),""),IF(D22="","",VLOOKUP(D22,Reference!$A$6:$B$11,2,TRUE()))) -> 3 | P22: =IF(N22="","",VLOOKUP(MAX(N22,0),Reference!$A$17:$B$20,2,TRUE())) -> 2 | Q22: =IF(AND(OR(I22="",O22="",P22=""),OR(R22="",W22=""),OR(X22="",AC22="")),"",IF(OR(I22="",O22="",P22=""),0,I22*O22*P22)+IF(OR(R22="",W22=""),0,R22*IFERROR(INDEX(Reference!$B$61:$B$62,MATCH("Bullpen",Reference!$A$61:$A$62,0)),0)*W22)+IF(OR(X22="",AC22=""),0,X22*VLOOKUP(60,Reference!$A$6:$B$11,2,TRUE())*AC22)) -> 162 | U22: =IF(S22="","",IF(T22="",S22,AVERAGE(S22,T22))) | V22: =IF(OR(U22="",M22="",M22=0),"",M22-U22) | W22: =IF(V22="","",VLOOKUP(MAX(V22,0),Reference!$A$17:$B$20,2,TRUE())) | AA22: =IF(Y22="","",IF(Z22="",Y22,AVERAGE(Y22,Z22))) | AB22: =IF(OR(AA22="",M22="",M22=0),"",M22-AA22) | AC22: =IF(AB22="","",VLOOKUP(MAX(AB22,0),Reference!$A$17:$B$20,2,TRUE()))
A23: 46283 | B23: Adam Arther | C23: Recovery/Easy Catch | D23: 75 | E23: 0.072916667 | F23: 0.079861111 | G23: =IF(OR(E23="",F23=""),"",(F23-E23)*1440) -> 10 | I23: =IF(H23<>"",H23,IF(G23="","",ROUND(G23*IFERROR(INDEX(Reference!$B$44:$B$50,MATCH(C23,Reference!$A$44:$A$50,0)),0),0))) -> 45 | J23: 72 | K23: 75 | L23: =IF(J23="","",IF(K23="",J23,AVERAGE(J23,K23))) -> 73.5 | M23: =IFERROR(INDEX(Roster!$D$5:$D$40,MATCH(B23,Roster!$A$5:$A$40,0)),"") -> 87.9 | N23: =IF(OR(L23="",M23="",M23=0),"",M23-L23) -> 14.4 | O23: =IF(OR(C23="Bullpen",C23="Game"),IFERROR(INDEX(Reference!$B$61:$B$62,MATCH(C23,Reference!$A$61:$A$62,0)),""),IF(D23="","",VLOOKUP(D23,Reference!$A$6:$B$11,2,TRUE()))) -> 1.3 | P23: =IF(N23="","",VLOOKUP(MAX(N23,0),Reference!$A$17:$B$20,2,TRUE())) -> 0.6 | Q23: =IF(AND(OR(I23="",O23="",P23=""),OR(R23="",W23=""),OR(X23="",AC23="")),"",IF(OR(I23="",O23="",P23=""),0,I23*O23*P23)+IF(OR(R23="",W23=""),0,R23*IFERROR(INDEX(Reference!$B$61:$B$62,MATCH("Bullpen",Reference!$A$61:$A$62,0)),0)*W23)+IF(OR(X23="",AC23=""),0,X23*VLOOKUP(60,Reference!$A$6:$B$11,2,TRUE())*AC23)) -> 35.1 | U23: =IF(S23="","",IF(T23="",S23,AVERAGE(S23,T23))) | V23: =IF(OR(U23="",M23="",M23=0),"",M23-U23) | W23: =IF(V23="","",VLOOKUP(MAX(V23,0),Reference!$A$17:$B$20,2,TRUE())) | AA23: =IF(Y23="","",IF(Z23="",Y23,AVERAGE(Y23,Z23))) | AB23: =IF(OR(AA23="",M23="",M23=0),"",M23-AA23) | AC23: =IF(AB23="","",VLOOKUP(MAX(AB23,0),Reference!$A$17:$B$20,2,TRUE()))
A24: 46284 | B24: Adam Arther | C24: No Throw | D24: 0 | G24: =IF(OR(E24="",F24=""),"",(F24-E24)*1440) | I24: =IF(H24<>"",H24,IF(G24="","",ROUND(G24*IFERROR(INDEX(Reference!$B$44:$B$50,MATCH(C24,Reference!$A$44:$A$50,0)),0),0))) | L24: =IF(J24="","",IF(K24="",J24,AVERAGE(J24,K24))) | M24: =IFERROR(INDEX(Roster!$D$5:$D$40,MATCH(B24,Roster!$A$5:$A$40,0)),"") -> 87.9 | N24: =IF(OR(L24="",M24="",M24=0),"",M24-L24) | O24: =IF(OR(C24="Bullpen",C24="Game"),IFERROR(INDEX(Reference!$B$61:$B$62,MATCH(C24,Reference!$A$61:$A$62,0)),""),IF(D24="","",VLOOKUP(D24,Reference!$A$6:$B$11,2,TRUE()))) -> 1 | P24: =IF(N24="","",VLOOKUP(MAX(N24,0),Reference!$A$17:$B$20,2,TRUE())) | Q24: =IF(AND(OR(I24="",O24="",P24=""),OR(R24="",W24=""),OR(X24="",AC24="")),"",IF(OR(I24="",O24="",P24=""),0,I24*O24*P24)+IF(OR(R24="",W24=""),0,R24*IFERROR(INDEX(Reference!$B$61:$B$62,MATCH("Bullpen",Reference!$A$61:$A$62,0)),0)*W24)+IF(OR(X24="",AC24=""),0,X24*VLOOKUP(60,Reference!$A$6:$B$11,2,TRUE())*AC24)) | U24: =IF(S24="","",IF(T24="",S24,AVERAGE(S24,T24))) | V24: =IF(OR(U24="",M24="",M24=0),"",M24-U24) | W24: =IF(V24="","",VLOOKUP(MAX(V24,0),Reference!$A$17:$B$20,2,TRUE())) | AA24: =IF(Y24="","",IF(Z24="",Y24,AVERAGE(Y24,Z24))) | AB24: =IF(OR(AA24="",M24="",M24=0),"",M24-AA24) | AC24: =IF(AB24="","",VLOOKUP(MAX(AB24,0),Reference!$A$17:$B$20,2,TRUE()))
A25: 46285 | B25: Adam Arther | C25: Recovery/Easy Catch | D25: 75 | E25: 0.072916667 | F25: 0.079861111 | G25: =IF(OR(E25="",F25=""),"",(F25-E25)*1440) -> 10 | I25: =IF(H25<>"",H25,IF(G25="","",ROUND(G25*IFERROR(INDEX(Reference!$B$44:$B$50,MATCH(C25,Reference!$A$44:$A$50,0)),0),0))) -> 45 | J25: 72 | K25: 75 | L25: =IF(J25="","",IF(K25="",J25,AVERAGE(J25,K25))) -> 73.5 | M25: =IFERROR(INDEX(Roster!$D$5:$D$40,MATCH(B25,Roster!$A$5:$A$40,0)),"") -> 87.9 | N25: =IF(OR(L25="",M25="",M25=0),"",M25-L25) -> 14.4 | O25: =IF(OR(C25="Bullpen",C25="Game"),IFERROR(INDEX(Reference!$B$61:$B$62,MATCH(C25,Reference!$A$61:$A$62,0)),""),IF(D25="","",VLOOKUP(D25,Reference!$A$6:$B$11,2,TRUE()))) -> 1.3 | P25: =IF(N25="","",VLOOKUP(MAX(N25,0),Reference!$A$17:$B$20,2,TRUE())) -> 0.6 | Q25: =IF(AND(OR(I25="",O25="",P25=""),OR(R25="",W25=""),OR(X25="",AC25="")),"",IF(OR(I25="",O25="",P25=""),0,I25*O25*P25)+IF(OR(R25="",W25=""),0,R25*IFERROR(INDEX(Reference!$B$61:$B$62,MATCH("Bullpen",Reference!$A$61:$A$62,0)),0)*W25)+IF(OR(X25="",AC25=""),0,X25*VLOOKUP(60,Reference!$A$6:$B$11,2,TRUE())*AC25)) -> 35.1 | U25: =IF(S25="","",IF(T25="",S25,AVERAGE(S25,T25))) | V25: =IF(OR(U25="",M25="",M25=0),"",M25-U25) | W25: =IF(V25="","",VLOOKUP(MAX(V25,0),Reference!$A$17:$B$20,2,TRUE())) | AA25: =IF(Y25="","",IF(Z25="",Y25,AVERAGE(Y25,Z25))) | AB25: =IF(OR(AA25="",M25="",M25=0),"",M25-AA25) | AC25: =IF(AB25="","",VLOOKUP(MAX(AB25,0),Reference!$A$17:$B$20,2,TRUE()))
A26: 46286 | B26: Adam Arther | C26: Bullpen | E26: 0.072916667 | G26: =IF(OR(E26="",F26=""),"",(F26-E26)*1440) | H26: 25 | I26: =IF(H26<>"",H26,IF(G26="","",ROUND(G26*IFERROR(INDEX(Reference!$B$44:$B$50,MATCH(C26,Reference!$A$44:$A$50,0)),0),0))) -> 25 | J26: 86 | K26: 88 | L26: =IF(J26="","",IF(K26="",J26,AVERAGE(J26,K26))) -> 87 | M26: =IFERROR(INDEX(Roster!$D$5:$D$40,MATCH(B26,Roster!$A$5:$A$40,0)),"") -> 87.9 | N26: =IF(OR(L26="",M26="",M26=0),"",M26-L26) -> 0.9 | O26: =IF(OR(C26="Bullpen",C26="Game"),IFERROR(INDEX(Reference!$B$61:$B$62,MATCH(C26,Reference!$A$61:$A$62,0)),""),IF(D26="","",VLOOKUP(D26,Reference!$A$6:$B$11,2,TRUE()))) -> 3 | P26: =IF(N26="","",VLOOKUP(MAX(N26,0),Reference!$A$17:$B$20,2,TRUE())) -> 2 | Q26: =IF(AND(OR(I26="",O26="",P26=""),OR(R26="",W26=""),OR(X26="",AC26="")),"",IF(OR(I26="",O26="",P26=""),0,I26*O26*P26)+IF(OR(R26="",W26=""),0,R26*IFERROR(INDEX(Reference!$B$61:$B$62,MATCH("Bullpen",Reference!$A$61:$A$62,0)),0)*W26)+IF(OR(X26="",AC26=""),0,X26*VLOOKUP(60,Reference!$A$6:$B$11,2,TRUE())*AC26)) -> 150 | U26: =IF(S26="","",IF(T26="",S26,AVERAGE(S26,T26))) | V26: =IF(OR(U26="",M26="",M26=0),"",M26-U26) | W26: =IF(V26="","",VLOOKUP(MAX(V26,0),Reference!$A$17:$B$20,2,TRUE())) | AA26: =IF(Y26="","",IF(Z26="",Y26,AVERAGE(Y26,Z26))) | AB26: =IF(OR(AA26="",M26="",M26=0),"",M26-AA26) | AC26: =IF(AB26="","",VLOOKUP(MAX(AB26,0),Reference!$A$17:$B$20,2,TRUE()))
A27: 46287 | B27: Adam Arther | C27: Recovery/Easy Catch | D27: 75 | E27: 0.072916667 | F27: 0.079861111 | G27: =IF(OR(E27="",F27=""),"",(F27-E27)*1440) -> 10 | I27: =IF(H27<>"",H27,IF(G27="","",ROUND(G27*IFERROR(INDEX(Reference!$B$44:$B$50,MATCH(C27,Reference!$A$44:$A$50,0)),0),0))) -> 45 | J27: 72 | K27: 75 | L27: =IF(J27="","",IF(K27="",J27,AVERAGE(J27,K27))) -> 73.5 | M27: =IFERROR(INDEX(Roster!$D$5:$D$40,MATCH(B27,Roster!$A$5:$A$40,0)),"") -> 87.9 | N27: =IF(OR(L27="",M27="",M27=0),"",M27-L27) -> 14.4 | O27: =IF(OR(C27="Bullpen",C27="Game"),IFERROR(INDEX(Reference!$B$61:$B$62,MATCH(C27,Reference!$A$61:$A$62,0)),""),IF(D27="","",VLOOKUP(D27,Reference!$A$6:$B$11,2,TRUE()))) -> 1.3 | P27: =IF(N27="","",VLOOKUP(MAX(N27,0),Reference!$A$17:$B$20,2,TRUE())) -> 0.6 | Q27: =IF(AND(OR(I27="",O27="",P27=""),OR(R27="",W27=""),OR(X27="",AC27="")),"",IF(OR(I27="",O27="",P27=""),0,I27*O27*P27)+IF(OR(R27="",W27=""),0,R27*IFERROR(INDEX(Reference!$B$61:$B$62,MATCH("Bullpen",Reference!$A$61:$A$62,0)),0)*W27)+IF(OR(X27="",AC27=""),0,X27*VLOOKUP(60,Reference!$A$6:$B$11,2,TRUE())*AC27)) -> 35.1 | U27: =IF(S27="","",IF(T27="",S27,AVERAGE(S27,T27))) | V27: =IF(OR(U27="",M27="",M27=0),"",M27-U27) | W27: =IF(V27="","",VLOOKUP(MAX(V27,0),Reference!$A$17:$B$20,2,TRUE())) | AA27: =IF(Y27="","",IF(Z27="",Y27,AVERAGE(Y27,Z27))) | AB27: =IF(OR(AA27="",M27="",M27=0),"",M27-AA27) | AC27: =IF(AB27="","",VLOOKUP(MAX(AB27,0),Reference!$A$17:$B$20,2,TRUE()))
A28: 46288 | B28: Adam Arther | C28: Moderate | D28: 120 | E28: 0.075694444 | F28: 0.085416667 | G28: =IF(OR(E28="",F28=""),"",(F28-E28)*1440) -> 14 | I28: =IF(H28<>"",H28,IF(G28="","",ROUND(G28*IFERROR(INDEX(Reference!$B$44:$B$50,MATCH(C28,Reference!$A$44:$A$50,0)),0),0))) -> 49 | J28: 75 | K28: 81 | L28: =IF(J28="","",IF(K28="",J28,AVERAGE(J28,K28))) -> 78 | M28: =IFERROR(INDEX(Roster!$D$5:$D$40,MATCH(B28,Roster!$A$5:$A$40,0)),"") -> 87.9 | N28: =IF(OR(L28="",M28="",M28=0),"",M28-L28) -> 9.9 | O28: =IF(OR(C28="Bullpen",C28="Game"),IFERROR(INDEX(Reference!$B$61:$B$62,MATCH(C28,Reference!$A$61:$A$62,0)),""),IF(D28="","",VLOOKUP(D28,Reference!$A$6:$B$11,2,TRUE()))) -> 1.7 | P28: =IF(N28="","",VLOOKUP(MAX(N28,0),Reference!$A$17:$B$20,2,TRUE())) -> 1 | Q28: =IF(AND(OR(I28="",O28="",P28=""),OR(R28="",W28=""),OR(X28="",AC28="")),"",IF(OR(I28="",O28="",P28=""),0,I28*O28*P28)+IF(OR(R28="",W28=""),0,R28*IFERROR(INDEX(Reference!$B$61:$B$62,MATCH("Bullpen",Reference!$A$61:$A$62,0)),0)*W28)+IF(OR(X28="",AC28=""),0,X28*VLOOKUP(60,Reference!$A$6:$B$11,2,TRUE())*AC28)) -> 83.3 | U28: =IF(S28="","",IF(T28="",S28,AVERAGE(S28,T28))) | V28: =IF(OR(U28="",M28="",M28=0),"",M28-U28) | W28: =IF(V28="","",VLOOKUP(MAX(V28,0),Reference!$A$17:$B$20,2,TRUE())) | AA28: =IF(Y28="","",IF(Z28="",Y28,AVERAGE(Y28,Z28))) | AB28: =IF(OR(AA28="",M28="",M28=0),"",M28-AA28) | AC28: =IF(AB28="","",VLOOKUP(MAX(AB28,0),Reference!$A$17:$B$20,2,TRUE()))
A29: 46289 | B29: Adam Arther | C29: Recovery/Easy Catch | D29: 75 | E29: 0.072916667 | F29: 0.079861111 | G29: =IF(OR(E29="",F29=""),"",(F29-E29)*1440) -> 10 | I29: =IF(H29<>"",H29,IF(G29="","",ROUND(G29*IFERROR(INDEX(Reference!$B$44:$B$50,MATCH(C29,Reference!$A$44:$A$50,0)),0),0))) -> 45 | J29: 72 | K29: 75 | L29: =IF(J29="","",IF(K29="",J29,AVERAGE(J29,K29))) -> 73.5 | M29: =IFERROR(INDEX(Roster!$D$5:$D$40,MATCH(B29,Roster!$A$5:$A$40,0)),"") -> 87.9 | N29: =IF(OR(L29="",M29="",M29=0),"",M29-L29) -> 14.4 | O29: =IF(OR(C29="Bullpen",C29="Game"),IFERROR(INDEX(Reference!$B$61:$B$62,MATCH(C29,Reference!$A$61:$A$62,0)),""),IF(D29="","",VLOOKUP(D29,Reference!$A$6:$B$11,2,TRUE()))) -> 1.3 | P29: =IF(N29="","",VLOOKUP(MAX(N29,0),Reference!$A$17:$B$20,2,TRUE())) -> 0.6 | Q29: =IF(AND(OR(I29="",O29="",P29=""),OR(R29="",W29=""),OR(X29="",AC29="")),"",IF(OR(I29="",O29="",P29=""),0,I29*O29*P29)+IF(OR(R29="",W29=""),0,R29*IFERROR(INDEX(Reference!$B$61:$B$62,MATCH("Bullpen",Reference!$A$61:$A$62,0)),0)*W29)+IF(OR(X29="",AC29=""),0,X29*VLOOKUP(60,Reference!$A$6:$B$11,2,TRUE())*AC29)) -> 35.1 | U29: =IF(S29="","",IF(T29="",S29,AVERAGE(S29,T29))) | V29: =IF(OR(U29="",M29="",M29=0),"",M29-U29) | W29: =IF(V29="","",VLOOKUP(MAX(V29,0),Reference!$A$17:$B$20,2,TRUE())) | AA29: =IF(Y29="","",IF(Z29="",Y29,AVERAGE(Y29,Z29))) | AB29: =IF(OR(AA29="",M29="",M29=0),"",M29-AA29) | AC29: =IF(AB29="","",VLOOKUP(MAX(AB29,0),Reference!$A$17:$B$20,2,TRUE()))
A30: 46290 | B30: Adam Arther | C30: Bullpen | G30: =IF(OR(E30="",F30=""),"",(F30-E30)*1440) | H30: 25 | I30: =IF(H30<>"",H30,IF(G30="","",ROUND(G30*IFERROR(INDEX(Reference!$B$44:$B$50,MATCH(C30,Reference!$A$44:$A$50,0)),0),0))) -> 25 | J30: 84 | K30: 86 | L30: =IF(J30="","",IF(K30="",J30,AVERAGE(J30,K30))) -> 85 | M30: =IFERROR(INDEX(Roster!$D$5:$D$40,MATCH(B30,Roster!$A$5:$A$40,0)),"") -> 87.9 | N30: =IF(OR(L30="",M30="",M30=0),"",M30-L30) -> 2.9 | O30: =IF(OR(C30="Bullpen",C30="Game"),IFERROR(INDEX(Reference!$B$61:$B$62,MATCH(C30,Reference!$A$61:$A$62,0)),""),IF(D30="","",VLOOKUP(D30,Reference!$A$6:$B$11,2,TRUE()))) -> 3 | P30: =IF(N30="","",VLOOKUP(MAX(N30,0),Reference!$A$17:$B$20,2,TRUE())) -> 2 | Q30: =IF(AND(OR(I30="",O30="",P30=""),OR(R30="",W30=""),OR(X30="",AC30="")),"",IF(OR(I30="",O30="",P30=""),0,I30*O30*P30)+IF(OR(R30="",W30=""),0,R30*IFERROR(INDEX(Reference!$B$61:$B$62,MATCH("Bullpen",Reference!$A$61:$A$62,0)),0)*W30)+IF(OR(X30="",AC30=""),0,X30*VLOOKUP(60,Reference!$A$6:$B$11,2,TRUE())*AC30)) -> 150 | U30: =IF(S30="","",IF(T30="",S30,AVERAGE(S30,T30))) | V30: =IF(OR(U30="",M30="",M30=0),"",M30-U30) | W30: =IF(V30="","",VLOOKUP(MAX(V30,0),Reference!$A$17:$B$20,2,TRUE())) | AA30: =IF(Y30="","",IF(Z30="",Y30,AVERAGE(Y30,Z30))) | AB30: =IF(OR(AA30="",M30="",M30=0),"",M30-AA30) | AC30: =IF(AB30="","",VLOOKUP(MAX(AB30,0),Reference!$A$17:$B$20,2,TRUE()))
A31: 46291 | B31: Adam Arther | C31: Recovery/Easy Catch | D31: 75 | E31: 0.072916667 | F31: 0.079861111 | G31: =IF(OR(E31="",F31=""),"",(F31-E31)*1440) -> 10 | I31: =IF(H31<>"",H31,IF(G31="","",ROUND(G31*IFERROR(INDEX(Reference!$B$44:$B$50,MATCH(C31,Reference!$A$44:$A$50,0)),0),0))) -> 45 | J31: 72 | K31: 75 | L31: =IF(J31="","",IF(K31="",J31,AVERAGE(J31,K31))) -> 73.5 | M31: =IFERROR(INDEX(Roster!$D$5:$D$40,MATCH(B31,Roster!$A$5:$A$40,0)),"") -> 87.9 | N31: =IF(OR(L31="",M31="",M31=0),"",M31-L31) -> 14.4 | O31: =IF(OR(C31="Bullpen",C31="Game"),IFERROR(INDEX(Reference!$B$61:$B$62,MATCH(C31,Reference!$A$61:$A$62,0)),""),IF(D31="","",VLOOKUP(D31,Reference!$A$6:$B$11,2,TRUE()))) -> 1.3 | P31: =IF(N31="","",VLOOKUP(MAX(N31,0),Reference!$A$17:$B$20,2,TRUE())) -> 0.6 | Q31: =IF(AND(OR(I31="",O31="",P31=""),OR(R31="",W31=""),OR(X31="",AC31="")),"",IF(OR(I31="",O31="",P31=""),0,I31*O31*P31)+IF(OR(R31="",W31=""),0,R31*IFERROR(INDEX(Reference!$B$61:$B$62,MATCH("Bullpen",Reference!$A$61:$A$62,0)),0)*W31)+IF(OR(X31="",AC31=""),0,X31*VLOOKUP(60,Reference!$A$6:$B$11,2,TRUE())*AC31)) -> 35.1 | U31: =IF(S31="","",IF(T31="",S31,AVERAGE(S31,T31))) | V31: =IF(OR(U31="",M31="",M31=0),"",M31-U31) | W31: =IF(V31="","",VLOOKUP(MAX(V31,0),Reference!$A$17:$B$20,2,TRUE())) | AA31: =IF(Y31="","",IF(Z31="",Y31,AVERAGE(Y31,Z31))) | AB31: =IF(OR(AA31="",M31="",M31=0),"",M31-AA31) | AC31: =IF(AB31="","",VLOOKUP(MAX(AB31,0),Reference!$A$17:$B$20,2,TRUE()))
A32: 46292 | B32: Adam Arther | C32: Moderate | D32: 90 | E32: 0.075694444 | F32: 0.083333333 | G32: =IF(OR(E32="",F32=""),"",(F32-E32)*1440) -> 11 | I32: =IF(H32<>"",H32,IF(G32="","",ROUND(G32*IFERROR(INDEX(Reference!$B$44:$B$50,MATCH(C32,Reference!$A$44:$A$50,0)),0),0))) -> 39 | J32: 75 | K32: 81 | L32: =IF(J32="","",IF(K32="",J32,AVERAGE(J32,K32))) -> 78 | M32: =IFERROR(INDEX(Roster!$D$5:$D$40,MATCH(B32,Roster!$A$5:$A$40,0)),"") -> 87.9 | N32: =IF(OR(L32="",M32="",M32=0),"",M32-L32) -> 9.9 | O32: =IF(OR(C32="Bullpen",C32="Game"),IFERROR(INDEX(Reference!$B$61:$B$62,MATCH(C32,Reference!$A$61:$A$62,0)),""),IF(D32="","",VLOOKUP(D32,Reference!$A$6:$B$11,2,TRUE()))) -> 1.3 | P32: =IF(N32="","",VLOOKUP(MAX(N32,0),Reference!$A$17:$B$20,2,TRUE())) -> 1 | Q32: =IF(AND(OR(I32="",O32="",P32=""),OR(R32="",W32=""),OR(X32="",AC32="")),"",IF(OR(I32="",O32="",P32=""),0,I32*O32*P32)+IF(OR(R32="",W32=""),0,R32*IFERROR(INDEX(Reference!$B$61:$B$62,MATCH("Bullpen",Reference!$A$61:$A$62,0)),0)*W32)+IF(OR(X32="",AC32=""),0,X32*VLOOKUP(60,Reference!$A$6:$B$11,2,TRUE())*AC32)) -> 50.7 | U32: =IF(S32="","",IF(T32="",S32,AVERAGE(S32,T32))) | V32: =IF(OR(U32="",M32="",M32=0),"",M32-U32) | W32: =IF(V32="","",VLOOKUP(MAX(V32,0),Reference!$A$17:$B$20,2,TRUE())) | AA32: =IF(Y32="","",IF(Z32="",Y32,AVERAGE(Y32,Z32))) | AB32: =IF(OR(AA32="",M32="",M32=0),"",M32-AA32) | AC32: =IF(AB32="","",VLOOKUP(MAX(AB32,0),Reference!$A$17:$B$20,2,TRUE()))
A33: 46293 | B33: Adam Arther | C33: Game | G33: =IF(OR(E33="",F33=""),"",(F33-E33)*1440) | H33: 13 | I33: =IF(H33<>"",H33,IF(G33="","",ROUND(G33*IFERROR(INDEX(Reference!$B$44:$B$50,MATCH(C33,Reference!$A$44:$A$50,0)),0),0))) -> 13 | J33: 87 | K33: 89 | L33: =IF(J33="","",IF(K33="",J33,AVERAGE(J33,K33))) -> 88 | M33: =IFERROR(INDEX(Roster!$D$5:$D$40,MATCH(B33,Roster!$A$5:$A$40,0)),"") -> 87.9 | N33: =IF(OR(L33="",M33="",M33=0),"",M33-L33) -> -0.1 | O33: =IF(OR(C33="Bullpen",C33="Game"),IFERROR(INDEX(Reference!$B$61:$B$62,MATCH(C33,Reference!$A$61:$A$62,0)),""),IF(D33="","",VLOOKUP(D33,Reference!$A$6:$B$11,2,TRUE()))) -> 3.2 | P33: =IF(N33="","",VLOOKUP(MAX(N33,0),Reference!$A$17:$B$20,2,TRUE())) -> 2 | Q33: =IF(AND(OR(I33="",O33="",P33=""),OR(R33="",W33=""),OR(X33="",AC33="")),"",IF(OR(I33="",O33="",P33=""),0,I33*O33*P33)+IF(OR(R33="",W33=""),0,R33*IFERROR(INDEX(Reference!$B$61:$B$62,MATCH("Bullpen",Reference!$A$61:$A$62,0)),0)*W33)+IF(OR(X33="",AC33=""),0,X33*VLOOKUP(60,Reference!$A$6:$B$11,2,TRUE())*AC33)) -> 182.2 | R33: 22 | S33: 80 | T33: 87 | U33: =IF(S33="","",IF(T33="",S33,AVERAGE(S33,T33))) -> 83.5 | V33: =IF(OR(U33="",M33="",M33=0),"",M33-U33) -> 4.4 | W33: =IF(V33="","",VLOOKUP(MAX(V33,0),Reference!$A$17:$B$20,2,TRUE())) -> 1.5 | AA33: =IF(Y33="","",IF(Z33="",Y33,AVERAGE(Y33,Z33))) | AB33: =IF(OR(AA33="",M33="",M33=0),"",M33-AA33) | AC33: =IF(AB33="","",VLOOKUP(MAX(AB33,0),Reference!$A$17:$B$20,2,TRUE()))
A34: 46294 | B34: Adam Arther | C34: Recovery/Easy Catch | D34: 90 | E34: 0.47916667 | F34: 0.48680556 | G34: =IF(OR(E34="",F34=""),"",(F34-E34)*1440) -> 11 | I34: =IF(H34<>"",H34,IF(G34="","",ROUND(G34*IFERROR(INDEX(Reference!$B$44:$B$50,MATCH(C34,Reference!$A$44:$A$50,0)),0),0))) -> 49 | J34: 72 | K34: 75 | L34: =IF(J34="","",IF(K34="",J34,AVERAGE(J34,K34))) -> 73.5 | M34: =IFERROR(INDEX(Roster!$D$5:$D$40,MATCH(B34,Roster!$A$5:$A$40,0)),"") -> 87.9 | N34: =IF(OR(L34="",M34="",M34=0),"",M34-L34) -> 14.4 | O34: =IF(OR(C34="Bullpen",C34="Game"),IFERROR(INDEX(Reference!$B$61:$B$62,MATCH(C34,Reference!$A$61:$A$62,0)),""),IF(D34="","",VLOOKUP(D34,Reference!$A$6:$B$11,2,TRUE()))) -> 1.3 | P34: =IF(N34="","",VLOOKUP(MAX(N34,0),Reference!$A$17:$B$20,2,TRUE())) -> 0.6 | Q34: =IF(AND(OR(I34="",O34="",P34=""),OR(R34="",W34=""),OR(X34="",AC34="")),"",IF(OR(I34="",O34="",P34=""),0,I34*O34*P34)+IF(OR(R34="",W34=""),0,R34*IFERROR(INDEX(Reference!$B$61:$B$62,MATCH("Bullpen",Reference!$A$61:$A$62,0)),0)*W34)+IF(OR(X34="",AC34=""),0,X34*VLOOKUP(60,Reference!$A$6:$B$11,2,TRUE())*AC34)) -> 38.22 | U34: =IF(S34="","",IF(T34="",S34,AVERAGE(S34,T34))) | V34: =IF(OR(U34="",M34="",M34=0),"",M34-U34) | W34: =IF(V34="","",VLOOKUP(MAX(V34,0),Reference!$A$17:$B$20,2,TRUE())) | AA34: =IF(Y34="","",IF(Z34="",Y34,AVERAGE(Y34,Z34))) | AB34: =IF(OR(AA34="",M34="",M34=0),"",M34-AA34) | AC34: =IF(AB34="","",VLOOKUP(MAX(AB34,0),Reference!$A$17:$B$20,2,TRUE()))
G35: =IF(OR(E35="",F35=""),"",(F35-E35)*1440) | I35: =IF(H35<>"",H35,IF(G35="","",ROUND(G35*IFERROR(INDEX(Reference!$B$44:$B$50,MATCH(C35,Reference!$A$44:$A$50,0)),0),0))) | L35: =IF(J35="","",IF(K35="",J35,AVERAGE(J35,K35))) | M35: =IFERROR(INDEX(Roster!$D$5:$D$40,MATCH(B35,Roster!$A$5:$A$40,0)),"") | N35: =IF(OR(L35="",M35="",M35=0),"",M35-L35) | O35: =IF(OR(C35="Bullpen",C35="Game"),IFERROR(INDEX(Reference!$B$61:$B$62,MATCH(C35,Reference!$A$61:$A$62,0)),""),IF(D35="","",VLOOKUP(D35,Reference!$A$6:$B$11,2,TRUE()))) | P35: =IF(N35="","",VLOOKUP(MAX(N35,0),Reference!$A$17:$B$20,2,TRUE())) | Q35: =IF(AND(OR(I35="",O35="",P35=""),OR(R35="",W35=""),OR(X35="",AC35="")),"",IF(OR(I35="",O35="",P35=""),0,I35*O35*P35)+IF(OR(R35="",W35=""),0,R35*IFERROR(INDEX(Reference!$B$61:$B$62,MATCH("Bullpen",Reference!$A$61:$A$62,0)),0)*W35)+IF(OR(X35="",AC35=""),0,X35*VLOOKUP(60,Reference!$A$6:$B$11,2,TRUE())*AC35)) | U35: =IF(S35="","",IF(T35="",S35,AVERAGE(S35,T35))) | V35: =IF(OR(U35="",M35="",M35=0),"",M35-U35) | W35: =IF(V35="","",VLOOKUP(MAX(V35,0),Reference!$A$17:$B$20,2,TRUE())) | AA35: =IF(Y35="","",IF(Z35="",Y35,AVERAGE(Y35,Z35))) | AB35: =IF(OR(AA35="",M35="",M35=0),"",M35-AA35) | AC35: =IF(AB35="","",VLOOKUP(MAX(AB35,0),Reference!$A$17:$B$20,2,TRUE()))
G36: =IF(OR(E36="",F36=""),"",(F36-E36)*1440) | I36: =IF(H36<>"",H36,IF(G36="","",ROUND(G36*IFERROR(INDEX(Reference!$B$44:$B$50,MATCH(C36,Reference!$A$44:$A$50,0)),0),0))) | L36: =IF(J36="","",IF(K36="",J36,AVERAGE(J36,K36))) | M36: =IFERROR(INDEX(Roster!$D$5:$D$40,MATCH(B36,Roster!$A$5:$A$40,0)),"") | N36: =IF(OR(L36="",M36="",M36=0),"",M36-L36) | O36: =IF(OR(C36="Bullpen",C36="Game"),IFERROR(INDEX(Reference!$B$61:$B$62,MATCH(C36,Reference!$A$61:$A$62,0)),""),IF(D36="","",VLOOKUP(D36,Reference!$A$6:$B$11,2,TRUE()))) | P36: =IF(N36="","",VLOOKUP(MAX(N36,0),Reference!$A$17:$B$20,2,TRUE())) | Q36: =IF(AND(OR(I36="",O36="",P36=""),OR(R36="",W36=""),OR(X36="",AC36="")),"",IF(OR(I36="",O36="",P36=""),0,I36*O36*P36)+IF(OR(R36="",W36=""),0,R36*IFERROR(INDEX(Reference!$B$61:$B$62,MATCH("Bullpen",Reference!$A$61:$A$62,0)),0)*W36)+IF(OR(X36="",AC36=""),0,X36*VLOOKUP(60,Reference!$A$6:$B$11,2,TRUE())*AC36)) | U36: =IF(S36="","",IF(T36="",S36,AVERAGE(S36,T36))) | V36: =IF(OR(U36="",M36="",M36=0),"",M36-U36) | W36: =IF(V36="","",VLOOKUP(MAX(V36,0),Reference!$A$17:$B$20,2,TRUE())) | AA36: =IF(Y36="","",IF(Z36="",Y36,AVERAGE(Y36,Z36))) | AB36: =IF(OR(AA36="",M36="",M36=0),"",M36-AA36) | AC36: =IF(AB36="","",VLOOKUP(MAX(AB36,0),Reference!$A$17:$B$20,2,TRUE()))
G37: =IF(OR(E37="",F37=""),"",(F37-E37)*1440) | I37: =IF(H37<>"",H37,IF(G37="","",ROUND(G37*IFERROR(INDEX(Reference!$B$44:$B$50,MATCH(C37,Reference!$A$44:$A$50,0)),0),0))) | L37: =IF(J37="","",IF(K37="",J37,AVERAGE(J37,K37))) | M37: =IFERROR(INDEX(Roster!$D$5:$D$40,MATCH(B37,Roster!$A$5:$A$40,0)),"") | N37: =IF(OR(L37="",M37="",M37=0),"",M37-L37) | O37: =IF(OR(C37="Bullpen",C37="Game"),IFERROR(INDEX(Reference!$B$61:$B$62,MATCH(C37,Reference!$A$61:$A$62,0)),""),IF(D37="","",VLOOKUP(D37,Reference!$A$6:$B$11,2,TRUE()))) | P37: =IF(N37="","",VLOOKUP(MAX(N37,0),Reference!$A$17:$B$20,2,TRUE())) | Q37: =IF(AND(OR(I37="",O37="",P37=""),OR(R37="",W37=""),OR(X37="",AC37="")),"",IF(OR(I37="",O37="",P37=""),0,I37*O37*P37)+IF(OR(R37="",W37=""),0,R37*IFERROR(INDEX(Reference!$B$61:$B$62,MATCH("Bullpen",Reference!$A$61:$A$62,0)),0)*W37)+IF(OR(X37="",AC37=""),0,X37*VLOOKUP(60,Reference!$A$6:$B$11,2,TRUE())*AC37)) | U37: =IF(S37="","",IF(T37="",S37,AVERAGE(S37,T37))) | V37: =IF(OR(U37="",M37="",M37=0),"",M37-U37) | W37: =IF(V37="","",VLOOKUP(MAX(V37,0),Reference!$A$17:$B$20,2,TRUE())) | AA37: =IF(Y37="","",IF(Z37="",Y37,AVERAGE(Y37,Z37))) | AB37: =IF(OR(AA37="",M37="",M37=0),"",M37-AA37) | AC37: =IF(AB37="","",VLOOKUP(MAX(AB37,0),Reference!$A$17:$B$20,2,TRUE()))
G38: =IF(OR(E38="",F38=""),"",(F38-E38)*1440) | I38: =IF(H38<>"",H38,IF(G38="","",ROUND(G38*IFERROR(INDEX(Reference!$B$44:$B$50,MATCH(C38,Reference!$A$44:$A$50,0)),0),0))) | L38: =IF(J38="","",IF(K38="",J38,AVERAGE(J38,K38))) | M38: =IFERROR(INDEX(Roster!$D$5:$D$40,MATCH(B38,Roster!$A$5:$A$40,0)),"") | N38: =IF(OR(L38="",M38="",M38=0),"",M38-L38) | O38: =IF(OR(C38="Bullpen",C38="Game"),IFERROR(INDEX(Reference!$B$61:$B$62,MATCH(C38,Reference!$A$61:$A$62,0)),""),IF(D38="","",VLOOKUP(D38,Reference!$A$6:$B$11,2,TRUE()))) | P38: =IF(N38="","",VLOOKUP(MAX(N38,0),Reference!$A$17:$B$20,2,TRUE())) | Q38: =IF(AND(OR(I38="",O38="",P38=""),OR(R38="",W38=""),OR(X38="",AC38="")),"",IF(OR(I38="",O38="",P38=""),0,I38*O38*P38)+IF(OR(R38="",W38=""),0,R38*IFERROR(INDEX(Reference!$B$61:$B$62,MATCH("Bullpen",Reference!$A$61:$A$62,0)),0)*W38)+IF(OR(X38="",AC38=""),0,X38*VLOOKUP(60,Reference!$A$6:$B$11,2,TRUE())*AC38)) | U38: =IF(S38="","",IF(T38="",S38,AVERAGE(S38,T38))) | V38: =IF(OR(U38="",M38="",M38=0),"",M38-U38) | W38: =IF(V38="","",VLOOKUP(MAX(V38,0),Reference!$A$17:$B$20,2,TRUE())) | AA38: =IF(Y38="","",IF(Z38="",Y38,AVERAGE(Y38,Z38))) | AB38: =IF(OR(AA38="",M38="",M38=0),"",M38-AA38) | AC38: =IF(AB38="","",VLOOKUP(MAX(AB38,0),Reference!$A$17:$B$20,2,TRUE()))
G39: =IF(OR(E39="",F39=""),"",(F39-E39)*1440) | I39: =IF(H39<>"",H39,IF(G39="","",ROUND(G39*IFERROR(INDEX(Reference!$B$44:$B$50,MATCH(C39,Reference!$A$44:$A$50,0)),0),0))) | L39: =IF(J39="","",IF(K39="",J39,AVERAGE(J39,K39))) | M39: =IFERROR(INDEX(Roster!$D$5:$D$40,MATCH(B39,Roster!$A$5:$A$40,0)),"") | N39: =IF(OR(L39="",M39="",M39=0),"",M39-L39) | O39: =IF(OR(C39="Bullpen",C39="Game"),IFERROR(INDEX(Reference!$B$61:$B$62,MATCH(C39,Reference!$A$61:$A$62,0)),""),IF(D39="","",VLOOKUP(D39,Reference!$A$6:$B$11,2,TRUE()))) | P39: =IF(N39="","",VLOOKUP(MAX(N39,0),Reference!$A$17:$B$20,2,TRUE())) | Q39: =IF(AND(OR(I39="",O39="",P39=""),OR(R39="",W39=""),OR(X39="",AC39="")),"",IF(OR(I39="",O39="",P39=""),0,I39*O39*P39)+IF(OR(R39="",W39=""),0,R39*IFERROR(INDEX(Reference!$B$61:$B$62,MATCH("Bullpen",Reference!$A$61:$A$62,0)),0)*W39)+IF(OR(X39="",AC39=""),0,X39*VLOOKUP(60,Reference!$A$6:$B$11,2,TRUE())*AC39)) | U39: =IF(S39="","",IF(T39="",S39,AVERAGE(S39,T39))) | V39: =IF(OR(U39="",M39="",M39=0),"",M39-U39) | W39: =IF(V39="","",VLOOKUP(MAX(V39,0),Reference!$A$17:$B$20,2,TRUE())) | AA39: =IF(Y39="","",IF(Z39="",Y39,AVERAGE(Y39,Z39))) | AB39: =IF(OR(AA39="",M39="",M39=0),"",M39-AA39) | AC39: =IF(AB39="","",VLOOKUP(MAX(AB39,0),Reference!$A$17:$B$20,2,TRUE()))
G40: =IF(OR(E40="",F40=""),"",(F40-E40)*1440) | I40: =IF(H40<>"",H40,IF(G40="","",ROUND(G40*IFERROR(INDEX(Reference!$B$44:$B$50,MATCH(C40,Reference!$A$44:$A$50,0)),0),0))) | L40: =IF(J40="","",IF(K40="",J40,AVERAGE(J40,K40))) | M40: =IFERROR(INDEX(Roster!$D$5:$D$40,MATCH(B40,Roster!$A$5:$A$40,0)),"") | N40: =IF(OR(L40="",M40="",M40=0),"",M40-L40) | O40: =IF(OR(C40="Bullpen",C40="Game"),IFERROR(INDEX(Reference!$B$61:$B$62,MATCH(C40,Reference!$A$61:$A$62,0)),""),IF(D40="","",VLOOKUP(D40,Reference!$A$6:$B$11,2,TRUE()))) | P40: =IF(N40="","",VLOOKUP(MAX(N40,0),Reference!$A$17:$B$20,2,TRUE())) | Q40: =IF(AND(OR(I40="",O40="",P40=""),OR(R40="",W40=""),OR(X40="",AC40="")),"",IF(OR(I40="",O40="",P40=""),0,I40*O40*P40)+IF(OR(R40="",W40=""),0,R40*IFERROR(INDEX(Reference!$B$61:$B$62,MATCH("Bullpen",Reference!$A$61:$A$62,0)),0)*W40)+IF(OR(X40="",AC40=""),0,X40*VLOOKUP(60,Reference!$A$6:$B$11,2,TRUE())*AC40)) | U40: =IF(S40="","",IF(T40="",S40,AVERAGE(S40,T40))) | V40: =IF(OR(U40="",M40="",M40=0),"",M40-U40) | W40: =IF(V40="","",VLOOKUP(MAX(V40,0),Reference!$A$17:$B$20,2,TRUE())) | AA40: =IF(Y40="","",IF(Z40="",Y40,AVERAGE(Y40,Z40))) | AB40: =IF(OR(AA40="",M40="",M40=0),"",M40-AA40) | AC40: =IF(AB40="","",VLOOKUP(MAX(AB40,0),Reference!$A$17:$B$20,2,TRUE()))
G41: =IF(OR(E41="",F41=""),"",(F41-E41)*1440) | I41: =IF(H41<>"",H41,IF(G41="","",ROUND(G41*IFERROR(INDEX(Reference!$B$44:$B$50,MATCH(C41,Reference!$A$44:$A$50,0)),0),0))) | L41: =IF(J41="","",IF(K41="",J41,AVERAGE(J41,K41))) | M41: =IFERROR(INDEX(Roster!$D$5:$D$40,MATCH(B41,Roster!$A$5:$A$40,0)),"") | N41: =IF(OR(L41="",M41="",M41=0),"",M41-L41) | O41: =IF(OR(C41="Bullpen",C41="Game"),IFERROR(INDEX(Reference!$B$61:$B$62,MATCH(C41,Reference!$A$61:$A$62,0)),""),IF(D41="","",VLOOKUP(D41,Reference!$A$6:$B$11,2,TRUE()))) | P41: =IF(N41="","",VLOOKUP(MAX(N41,0),Reference!$A$17:$B$20,2,TRUE())) | Q41: =IF(AND(OR(I41="",O41="",P41=""),OR(R41="",W41=""),OR(X41="",AC41="")),"",IF(OR(I41="",O41="",P41=""),0,I41*O41*P41)+IF(OR(R41="",W41=""),0,R41*IFERROR(INDEX(Reference!$B$61:$B$62,MATCH("Bullpen",Reference!$A$61:$A$62,0)),0)*W41)+IF(OR(X41="",AC41=""),0,X41*VLOOKUP(60,Reference!$A$6:$B$11,2,TRUE())*AC41)) | U41: =IF(S41="","",IF(T41="",S41,AVERAGE(S41,T41))) | V41: =IF(OR(U41="",M41="",M41=0),"",M41-U41) | W41: =IF(V41="","",VLOOKUP(MAX(V41,0),Reference!$A$17:$B$20,2,TRUE())) | AA41: =IF(Y41="","",IF(Z41="",Y41,AVERAGE(Y41,Z41))) | AB41: =IF(OR(AA41="",M41="",M41=0),"",M41-AA41) | AC41: =IF(AB41="","",VLOOKUP(MAX(AB41,0),Reference!$A$17:$B$20,2,TRUE()))
G42: =IF(OR(E42="",F42=""),"",(F42-E42)*1440) | I42: =IF(H42<>"",H42,IF(G42="","",ROUND(G42*IFERROR(INDEX(Reference!$B$44:$B$50,MATCH(C42,Reference!$A$44:$A$50,0)),0),0))) | L42: =IF(J42="","",IF(K42="",J42,AVERAGE(J42,K42))) | M42: =IFERROR(INDEX(Roster!$D$5:$D$40,MATCH(B42,Roster!$A$5:$A$40,0)),"") | N42: =IF(OR(L42="",M42="",M42=0),"",M42-L42) | O42: =IF(OR(C42="Bullpen",C42="Game"),IFERROR(INDEX(Reference!$B$61:$B$62,MATCH(C42,Reference!$A$61:$A$62,0)),""),IF(D42="","",VLOOKUP(D42,Reference!$A$6:$B$11,2,TRUE()))) | P42: =IF(N42="","",VLOOKUP(MAX(N42,0),Reference!$A$17:$B$20,2,TRUE())) | Q42: =IF(AND(OR(I42="",O42="",P42=""),OR(R42="",W42=""),OR(X42="",AC42="")),"",IF(OR(I42="",O42="",P42=""),0,I42*O42*P42)+IF(OR(R42="",W42=""),0,R42*IFERROR(INDEX(Reference!$B$61:$B$62,MATCH("Bullpen",Reference!$A$61:$A$62,0)),0)*W42)+IF(OR(X42="",AC42=""),0,X42*VLOOKUP(60,Reference!$A$6:$B$11,2,TRUE())*AC42)) | U42: =IF(S42="","",IF(T42="",S42,AVERAGE(S42,T42))) | V42: =IF(OR(U42="",M42="",M42=0),"",M42-U42) | W42: =IF(V42="","",VLOOKUP(MAX(V42,0),Reference!$A$17:$B$20,2,TRUE())) | AA42: =IF(Y42="","",IF(Z42="",Y42,AVERAGE(Y42,Z42))) | AB42: =IF(OR(AA42="",M42="",M42=0),"",M42-AA42) | AC42: =IF(AB42="","",VLOOKUP(MAX(AB42,0),Reference!$A$17:$B$20,2,TRUE()))
G43: =IF(OR(E43="",F43=""),"",(F43-E43)*1440) | I43: =IF(H43<>"",H43,IF(G43="","",ROUND(G43*IFERROR(INDEX(Reference!$B$44:$B$50,MATCH(C43,Reference!$A$44:$A$50,0)),0),0))) | L43: =IF(J43="","",IF(K43="",J43,AVERAGE(J43,K43))) | M43: =IFERROR(INDEX(Roster!$D$5:$D$40,MATCH(B43,Roster!$A$5:$A$40,0)),"") | N43: =IF(OR(L43="",M43="",M43=0),"",M43-L43) | O43: =IF(OR(C43="Bullpen",C43="Game"),IFERROR(INDEX(Reference!$B$61:$B$62,MATCH(C43,Reference!$A$61:$A$62,0)),""),IF(D43="","",VLOOKUP(D43,Reference!$A$6:$B$11,2,TRUE()))) | P43: =IF(N43="","",VLOOKUP(MAX(N43,0),Reference!$A$17:$B$20,2,TRUE())) | Q43: =IF(AND(OR(I43="",O43="",P43=""),OR(R43="",W43=""),OR(X43="",AC43="")),"",IF(OR(I43="",O43="",P43=""),0,I43*O43*P43)+IF(OR(R43="",W43=""),0,R43*IFERROR(INDEX(Reference!$B$61:$B$62,MATCH("Bullpen",Reference!$A$61:$A$62,0)),0)*W43)+IF(OR(X43="",AC43=""),0,X43*VLOOKUP(60,Reference!$A$6:$B$11,2,TRUE())*AC43)) | U43: =IF(S43="","",IF(T43="",S43,AVERAGE(S43,T43))) | V43: =IF(OR(U43="",M43="",M43=0),"",M43-U43) | W43: =IF(V43="","",VLOOKUP(MAX(V43,0),Reference!$A$17:$B$20,2,TRUE())) | AA43: =IF(Y43="","",IF(Z43="",Y43,AVERAGE(Y43,Z43))) | AB43: =IF(OR(AA43="",M43="",M43=0),"",M43-AA43) | AC43: =IF(AB43="","",VLOOKUP(MAX(AB43,0),Reference!$A$17:$B$20,2,TRUE()))
G44: =IF(OR(E44="",F44=""),"",(F44-E44)*1440) | I44: =IF(H44<>"",H44,IF(G44="","",ROUND(G44*IFERROR(INDEX(Reference!$B$44:$B$50,MATCH(C44,Reference!$A$44:$A$50,0)),0),0))) | L44: =IF(J44="","",IF(K44="",J44,AVERAGE(J44,K44))) | M44: =IFERROR(INDEX(Roster!$D$5:$D$40,MATCH(B44,Roster!$A$5:$A$40,0)),"") | N44: =IF(OR(L44="",M44="",M44=0),"",M44-L44) | O44: =IF(OR(C44="Bullpen",C44="Game"),IFERROR(INDEX(Reference!$B$61:$B$62,MATCH(C44,Reference!$A$61:$A$62,0)),""),IF(D44="","",VLOOKUP(D44,Reference!$A$6:$B$11,2,TRUE()))) | P44: =IF(N44="","",VLOOKUP(MAX(N44,0),Reference!$A$17:$B$20,2,TRUE())) | Q44: =IF(AND(OR(I44="",O44="",P44=""),OR(R44="",W44=""),OR(X44="",AC44="")),"",IF(OR(I44="",O44="",P44=""),0,I44*O44*P44)+IF(OR(R44="",W44=""),0,R44*IFERROR(INDEX(Reference!$B$61:$B$62,MATCH("Bullpen",Reference!$A$61:$A$62,0)),0)*W44)+IF(OR(X44="",AC44=""),0,X44*VLOOKUP(60,Reference!$A$6:$B$11,2,TRUE())*AC44)) | U44: =IF(S44="","",IF(T44="",S44,AVERAGE(S44,T44))) | V44: =IF(OR(U44="",M44="",M44=0),"",M44-U44) | W44: =IF(V44="","",VLOOKUP(MAX(V44,0),Reference!$A$17:$B$20,2,TRUE())) | AA44: =IF(Y44="","",IF(Z44="",Y44,AVERAGE(Y44,Z44))) | AB44: =IF(OR(AA44="",M44="",M44=0),"",M44-AA44) | AC44: =IF(AB44="","",VLOOKUP(MAX(AB44,0),Reference!$A$17:$B$20,2,TRUE()))
G45: =IF(OR(E45="",F45=""),"",(F45-E45)*1440) | I45: =IF(H45<>"",H45,IF(G45="","",ROUND(G45*IFERROR(INDEX(Reference!$B$44:$B$50,MATCH(C45,Reference!$A$44:$A$50,0)),0),0))) | L45: =IF(J45="","",IF(K45="",J45,AVERAGE(J45,K45))) | M45: =IFERROR(INDEX(Roster!$D$5:$D$40,MATCH(B45,Roster!$A$5:$A$40,0)),"") | N45: =IF(OR(L45="",M45="",M45=0),"",M45-L45) | O45: =IF(OR(C45="Bullpen",C45="Game"),IFERROR(INDEX(Reference!$B$61:$B$62,MATCH(C45,Reference!$A$61:$A$62,0)),""),IF(D45="","",VLOOKUP(D45,Reference!$A$6:$B$11,2,TRUE()))) | P45: =IF(N45="","",VLOOKUP(MAX(N45,0),Reference!$A$17:$B$20,2,TRUE())) | Q45: =IF(AND(OR(I45="",O45="",P45=""),OR(R45="",W45=""),OR(X45="",AC45="")),"",IF(OR(I45="",O45="",P45=""),0,I45*O45*P45)+IF(OR(R45="",W45=""),0,R45*IFERROR(INDEX(Reference!$B$61:$B$62,MATCH("Bullpen",Reference!$A$61:$A$62,0)),0)*W45)+IF(OR(X45="",AC45=""),0,X45*VLOOKUP(60,Reference!$A$6:$B$11,2,TRUE())*AC45)) | U45: =IF(S45="","",IF(T45="",S45,AVERAGE(S45,T45))) | V45: =IF(OR(U45="",M45="",M45=0),"",M45-U45) | W45: =IF(V45="","",VLOOKUP(MAX(V45,0),Reference!$A$17:$B$20,2,TRUE())) | AA45: =IF(Y45="","",IF(Z45="",Y45,AVERAGE(Y45,Z45))) | AB45: =IF(OR(AA45="",M45="",M45=0),"",M45-AA45) | AC45: =IF(AB45="","",VLOOKUP(MAX(AB45,0),Reference!$A$17:$B$20,2,TRUE()))
G46: =IF(OR(E46="",F46=""),"",(F46-E46)*1440) | I46: =IF(H46<>"",H46,IF(G46="","",ROUND(G46*IFERROR(INDEX(Reference!$B$44:$B$50,MATCH(C46,Reference!$A$44:$A$50,0)),0),0))) | L46: =IF(J46="","",IF(K46="",J46,AVERAGE(J46,K46))) | M46: =IFERROR(INDEX(Roster!$D$5:$D$40,MATCH(B46,Roster!$A$5:$A$40,0)),"") | N46: =IF(OR(L46="",M46="",M46=0),"",M46-L46) | O46: =IF(OR(C46="Bullpen",C46="Game"),IFERROR(INDEX(Reference!$B$61:$B$62,MATCH(C46,Reference!$A$61:$A$62,0)),""),IF(D46="","",VLOOKUP(D46,Reference!$A$6:$B$11,2,TRUE()))) | P46: =IF(N46="","",VLOOKUP(MAX(N46,0),Reference!$A$17:$B$20,2,TRUE())) | Q46: =IF(AND(OR(I46="",O46="",P46=""),OR(R46="",W46=""),OR(X46="",AC46="")),"",IF(OR(I46="",O46="",P46=""),0,I46*O46*P46)+IF(OR(R46="",W46=""),0,R46*IFERROR(INDEX(Reference!$B$61:$B$62,MATCH("Bullpen",Reference!$A$61:$A$62,0)),0)*W46)+IF(OR(X46="",AC46=""),0,X46*VLOOKUP(60,Reference!$A$6:$B$11,2,TRUE())*AC46)) | U46: =IF(S46="","",IF(T46="",S46,AVERAGE(S46,T46))) | V46: =IF(OR(U46="",M46="",M46=0),"",M46-U46) | W46: =IF(V46="","",VLOOKUP(MAX(V46,0),Reference!$A$17:$B$20,2,TRUE())) | AA46: =IF(Y46="","",IF(Z46="",Y46,AVERAGE(Y46,Z46))) | AB46: =IF(OR(AA46="",M46="",M46=0),"",M46-AA46) | AC46: =IF(AB46="","",VLOOKUP(MAX(AB46,0),Reference!$A$17:$B$20,2,TRUE()))
... G300: =IF(OR(E300="",F300=""),"",(F300-E300)*1440) | I300: =IF(H300<>"",H300,IF(G300="","",ROUND(G300*IFERROR(INDEX(Reference!$B$44:$B$50,MATCH(C300,Reference!$A$44:$A$50,0)),0),0))) | L300: =IF(J300="","",IF(K300="",J300,AVERAGE(J300,K300))) | M300: =IFERROR(INDEX(Roster!$D$5:$D$40,MATCH(B300,Roster!$A$5:$A$40,0)),"") | N300: =IF(OR(L300="",M300="",M300=0),"",M300-L300) | O300: =IF(OR(C300="Bullpen",C300="Game"),IFERROR(INDEX(Reference!$B$61:$B$62,MATCH(C300,Reference!$A$61:$A$62,0)),""),IF(D300="","",VLOOKUP(D300,Reference!$A$6:$B$11,2,TRUE()))) | P300: =IF(N300="","",VLOOKUP(MAX(N300,0),Reference!$A$17:$B$20,2,TRUE())) | Q300: =IF(AND(OR(I300="",O300="",P300=""),OR(R300="",W300=""),OR(X300="",AC300="")),"",IF(OR(I300="",O300="",P300=""),0,I300*O300*P300)+IF(OR(R300="",W300=""),0,R300*IFERROR(INDEX(Reference!$B$61:$B$62,MATCH("Bullpen",Reference!$A$61:$A$62,0)),0)*W300)+IF(OR(X300="",AC300=""),0,X300*VLOOKUP(60,Reference!$A$6:$B$11,2,TRUE())*AC300)) | U300: =IF(S300="","",IF(T300="",S300,AVERAGE(S300,T300))) | V300: =IF(OR(U300="",M300="",M300=0),"",M300-U300) | W300: =IF(V300="","",VLOOKUP(MAX(V300,0),Reference!$A$17:$B$20,2,TRUE())) | AA300: =IF(Y300="","",IF(Z300="",Y300,AVERAGE(Y300,Z300))) | AB300: =IF(OR(AA300="",M300="",M300=0),"",M300-AA300) | AC300: =IF(AB300="","",VLOOKUP(MAX(AB300,0),Reference!$A$17:$B$20,2,TRUE()))

Sheet Dashboard
A1: Dashboard — Player Workload Status
A2: Pick a player and a date. Everything below recalculates from the Throw Log automatically.
A4: Select Player: | B4: Adam Arther
A5: As Of Date: | B5: =TODAY() -> 46295
A7: Workload Status
A8: Today's Workload | B8: =SUMIFS('Throw Log'!$Q$5:$Q$300,'Throw Log'!$B$5:$B$300,$B$4,'Throw Log'!$A$5:$A$300,$B$5) -> 0
A9: Acute Workload (7-day avg/day) | B9: =SUMIFS('Throw Log'!$Q$5:$Q$300,'Throw Log'!$B$5:$B$300,$B$4,'Throw Log'!$A$5:$A$300,">="&($B$5-6),'Throw Log'!$A$5:$A$300,"<="&$B$5)/7 -> 70.188571
A10: Chronic Workload (28-day avg/day) | B10: =SUMIFS('Throw Log'!$Q$5:$Q$300,'Throw Log'!$B$5:$B$300,$B$4,'Throw Log'!$A$5:$A$300,">="&($B$5-27),'Throw Log'!$A$5:$A$300,"<="&$B$5)/28 -> 63.09
A11: ACWR (Acute ÷ Chronic) | B11: =IFERROR(B9/B10,"N/A") -> 1.112515
A12: Zone | B12: =IF(OR(B10=0,B11="N/A"),"Insufficient history (need ~28 days logged)",IFERROR(VLOOKUP(B11,Reference!$A$24:$C$27,2,TRUE()),"Insufficient history")) -> Sweet Spot
A13: Guidance | B13: =IF(OR(B10=0,B11="N/A"),"Log at least 28 days of throws for a reliable trend. Meanwhile, rely on RPE and arm feedback before adding volume.",IFERROR(VLOOKUP(B11,Reference!$A$24:$C$27,3,TRUE()),"")) -> 0.8–1.3 — ideal loading zone; maintain the planned progression.
A15: Spike Check: Today ÷ Chronic Daily Avg | B15: =IFERROR(B8/B10,"N/A") -> 0
A16: Spike Flag | B16: =IF(B15="N/A","",IF(B15>1.5,"High single-day spike — mandatory easy/rest day next session","OK")) -> OK
A18: 28-Day Trend (feeds the chart below)
A19: Date | B19: Daily Workload | C19: Acute (7d avg line) | D19: Chronic (28d avg line)
A20: =$B$5-27 -> 46268 | B20: =SUMIFS('Throw Log'!$Q$5:$Q$300,'Throw Log'!$B$5:$B$300,$B$4,'Throw Log'!$A$5:$A$300,A20) -> 119 | C20: =$B$9 -> 70.188571 | D20: =$B$10 -> 63.09
A21: =$B$5-26 -> 46269 | B21: =SUMIFS('Throw Log'!$Q$5:$Q$300,'Throw Log'!$B$5:$B$300,$B$4,'Throw Log'!$A$5:$A$300,A21) -> 0 | C21: =$B$9 -> 70.188571 | D21: =$B$10 -> 63.09
A22: =$B$5-25 -> 46270 | B22: =SUMIFS('Throw Log'!$Q$5:$Q$300,'Throw Log'!$B$5:$B$300,$B$4,'Throw Log'!$A$5:$A$300,A22) -> 0 | C22: =$B$9 -> 70.188571 | D22: =$B$10 -> 63.09
A23: =$B$5-24 -> 46271 | B23: =SUMIFS('Throw Log'!$Q$5:$Q$300,'Throw Log'!$B$5:$B$300,$B$4,'Throw Log'!$A$5:$A$300,A23) -> 119 | C23: =$B$9 -> 70.188571 | D23: =$B$10 -> 63.09
A24: =$B$5-23 -> 46272 | B24: =SUMIFS('Throw Log'!$Q$5:$Q$300,'Throw Log'!$B$5:$B$300,$B$4,'Throw Log'!$A$5:$A$300,A24) -> 35.1 | C24: =$B$9 -> 70.188571 | D24: =$B$10 -> 63.09
A25: =$B$5-22 -> 46273 | B25: =SUMIFS('Throw Log'!$Q$5:$Q$300,'Throw Log'!$B$5:$B$300,$B$4,'Throw Log'!$A$5:$A$300,A25) -> 0 | C25: =$B$9 -> 70.188571 | D25: =$B$10 -> 63.09
A26: =$B$5-21 -> 46274 | B26: =SUMIFS('Throw Log'!$Q$5:$Q$300,'Throw Log'!$B$5:$B$300,$B$4,'Throw Log'!$A$5:$A$300,A26) -> 35.1 | C26: =$B$9 -> 70.188571 | D26: =$B$10 -> 63.09
A27: =$B$5-20 -> 46275 | B27: =SUMIFS('Throw Log'!$Q$5:$Q$300,'Throw Log'!$B$5:$B$300,$B$4,'Throw Log'!$A$5:$A$300,A27) -> 91 | C27: =$B$9 -> 70.188571 | D27: =$B$10 -> 63.09
A28: =$B$5-19 -> 46276 | B28: =SUMIFS('Throw Log'!$Q$5:$Q$300,'Throw Log'!$B$5:$B$300,$B$4,'Throw Log'!$A$5:$A$300,A28) -> 119 | C28: =$B$9 -> 70.188571 | D28: =$B$10 -> 63.09
A29: =$B$5-18 -> 46277 | B29: =SUMIFS('Throw Log'!$Q$5:$Q$300,'Throw Log'!$B$5:$B$300,$B$4,'Throw Log'!$A$5:$A$300,A29) -> 0 | C29: =$B$9 -> 70.188571 | D29: =$B$10 -> 63.09
A30: =$B$5-17 -> 46278 | B30: =SUMIFS('Throw Log'!$Q$5:$Q$300,'Throw Log'!$B$5:$B$300,$B$4,'Throw Log'!$A$5:$A$300,A30) -> 35.1 | C30: =$B$9 -> 70.188571 | D30: =$B$10 -> 63.09
A31: =$B$5-16 -> 46279 | B31: =SUMIFS('Throw Log'!$Q$5:$Q$300,'Throw Log'!$B$5:$B$300,$B$4,'Throw Log'!$A$5:$A$300,A31) -> 138 | C31: =$B$9 -> 70.188571 | D31: =$B$10 -> 63.09
A32: =$B$5-15 -> 46280 | B32: =SUMIFS('Throw Log'!$Q$5:$Q$300,'Throw Log'!$B$5:$B$300,$B$4,'Throw Log'!$A$5:$A$300,A32) -> 0 | C32: =$B$9 -> 70.188571 | D32: =$B$10 -> 63.09
A33: =$B$5-14 -> 46281 | B33: =SUMIFS('Throw Log'!$Q$5:$Q$300,'Throw Log'!$B$5:$B$300,$B$4,'Throw Log'!$A$5:$A$300,A33) -> 83.3 | C33: =$B$9 -> 70.188571 | D33: =$B$10 -> 63.09
A34: =$B$5-13 -> 46282 | B34: =SUMIFS('Throw Log'!$Q$5:$Q$300,'Throw Log'!$B$5:$B$300,$B$4,'Throw Log'!$A$5:$A$300,A34) -> 162 | C34: =$B$9 -> 70.188571 | D34: =$B$10 -> 63.09
A35: =$B$5-12 -> 46283 | B35: =SUMIFS('Throw Log'!$Q$5:$Q$300,'Throw Log'!$B$5:$B$300,$B$4,'Throw Log'!$A$5:$A$300,A35) -> 35.1 | C35: =$B$9 -> 70.188571 | D35: =$B$10 -> 63.09
A36: =$B$5-11 -> 46284 | B36: =SUMIFS('Throw Log'!$Q$5:$Q$300,'Throw Log'!$B$5:$B$300,$B$4,'Throw Log'!$A$5:$A$300,A36) -> 0 | C36: =$B$9 -> 70.188571 | D36: =$B$10 -> 63.09
A37: =$B$5-10 -> 46285 | B37: =SUMIFS('Throw Log'!$Q$5:$Q$300,'Throw Log'!$B$5:$B$300,$B$4,'Throw Log'!$A$5:$A$300,A37) -> 35.1 | C37: =$B$9 -> 70.188571 | D37: =$B$10 -> 63.09
A38: =$B$5-9 -> 46286 | B38: =SUMIFS('Throw Log'!$Q$5:$Q$300,'Throw Log'!$B$5:$B$300,$B$4,'Throw Log'!$A$5:$A$300,A38) -> 150 | C38: =$B$9 -> 70.188571 | D38: =$B$10 -> 63.09
A39: =$B$5-8 -> 46287 | B39: =SUMIFS('Throw Log'!$Q$5:$Q$300,'Throw Log'!$B$5:$B$300,$B$4,'Throw Log'!$A$5:$A$300,A39) -> 35.1 | C39: =$B$9 -> 70.188571 | D39: =$B$10 -> 63.09
A40: =$B$5-7 -> 46288 | B40: =SUMIFS('Throw Log'!$Q$5:$Q$300,'Throw Log'!$B$5:$B$300,$B$4,'Throw Log'!$A$5:$A$300,A40) -> 83.3 | C40: =$B$9 -> 70.188571 | D40: =$B$10 -> 63.09
A41: =$B$5-6 -> 46289 | B41: =SUMIFS('Throw Log'!$Q$5:$Q$300,'Throw Log'!$B$5:$B$300,$B$4,'Throw Log'!$A$5:$A$300,A41) -> 35.1 | C41: =$B$9 -> 70.188571 | D41: =$B$10 -> 63.09
A42: =$B$5-5 -> 46290 | B42: =SUMIFS('Throw Log'!$Q$5:$Q$300,'Throw Log'!$B$5:$B$300,$B$4,'Throw Log'!$A$5:$A$300,A42) -> 150 | C42: =$B$9 -> 70.188571 | D42: =$B$10 -> 63.09
A43: =$B$5-4 -> 46291 | B43: =SUMIFS('Throw Log'!$Q$5:$Q$300,'Throw Log'!$B$5:$B$300,$B$4,'Throw Log'!$A$5:$A$300,A43) -> 35.1 | C43: =$B$9 -> 70.188571 | D43: =$B$10 -> 63.09
A44: =$B$5-3 -> 46292 | B44: =SUMIFS('Throw Log'!$Q$5:$Q$300,'Throw Log'!$B$5:$B$300,$B$4,'Throw Log'!$A$5:$A$300,A44) -> 50.7 | C44: =$B$9 -> 70.188571 | D44: =$B$10 -> 63.09
A45: =$B$5-2 -> 46293 | B45: =SUMIFS('Throw Log'!$Q$5:$Q$300,'Throw Log'!$B$5:$B$300,$B$4,'Throw Log'!$A$5:$A$300,A45) -> 182.2 | C45: =$B$9 -> 70.188571 | D45: =$B$10 -> 63.09
A46: =$B$5-1 -> 46294 | B46: =SUMIFS('Throw Log'!$Q$5:$Q$300,'Throw Log'!$B$5:$B$300,$B$4,'Throw Log'!$A$5:$A$300,A46) -> 38.22 | C46: =$B$9 -> 70.188571 | D46: =$B$10 -> 63.09
A47: =$B$5-0 -> 46295 | B47: =SUMIFS('Throw Log'!$Q$5:$Q$300,'Throw Log'!$B$5:$B$300,$B$4,'Throw Log'!$A$5:$A$300,A47) -> 0 | C47: =$B$9 -> 70.188571 | D47: =$B$10 -> 63.09

Sheet Day Type Templates
A1: Day Type Templates
A2: Every throwing day falls into one of six categories: Low, Medium, High Non-Bullpen, High Bullpen, Low Bullpen, or Game. Below are 2 worked examples for each — distance, throw-count range, and mph range (below), built from the same Distance/Mound Factor and Intensity Factor tables used everywhere else in this workbook. Every Low/Medium/High Non-Bullpen day finishes by coming back to 60 ft to work all his pitches; High Bullpen and Game days don't need that finish — the mound work already covers his pitches.
A4: Demo Player: | B4: Adam Arther | D4: Avg Top Velo (mph): | E4: 87.9 | F4: The mph ranges below are only a DISPLAY of this player's numbers — the workload math runs entirely on distance and mph-deficit, so it's identical for every player. Change the Demo Player to see anyone else's actual velo targets for the same template.
A6: Segment Detail — 2 worked examples per category
A7: Deficit = mph below Avg Top Velo (same bands as the Intensity Factor table on the Reference tab: 0-3=max effort, 4-6=compete, 7-9=building, 10+=easy/recovery). Distance is blank for Bullpen/Game segments — those use the flat Mound Factor instead, same as Throw Log.
A9: Category | B9: Example # | C9: Segment # | D9: Segment Type | E9: Distance (ft) (blank = mound) | F9: Throws Low | G9: Throws High | H9: Throws Mid | I9: Deficit Low | J9: Deficit High | K9: Deficit Mid | L9: Velo Low (mph) | M9: Velo High (mph) | N9: Dist./Mound Factor | O9: Intensity Factor | P9: Projected Segment Workload
A10: Low | B10: 1 | C10: 1 | D10: Long Toss | E10: 90 | F10: 45 | G10: 55 | H10: =AVERAGE(F10,G10) -> 50 | I10: 14 | J10: 18 | K10: =AVERAGE(I10,J10) -> 16 | L10: =ROUND($E$4-J10,0) -> 70 | M10: =ROUND($E$4-I10,0) -> 74 | N10: =IF(OR(D10="Bullpen",D10="Game"),IFERROR(INDEX(Reference!$B$61:$B$62,MATCH(D10,Reference!$A$61:$A$62,0)),""),IF(E10="","",VLOOKUP(E10,Reference!$A$6:$B$11,2,TRUE()))) -> 1.3 | O10: =VLOOKUP(MAX(K10,0),Reference!$A$17:$B$20,2,TRUE()) -> 0.6 | P10: =H10*N10*O10 -> 39
A11: Low | B11: 1 | C11: 2 | D11: Flat Ground | E11: 60 | F11: 15 | G11: 25 | H11: =AVERAGE(F11,G11) -> 20 | I11: 12 | J11: 14 | K11: =AVERAGE(I11,J11) -> 13 | L11: =ROUND($E$4-J11,0) -> 74 | M11: =ROUND($E$4-I11,0) -> 76 | N11: =IF(OR(D11="Bullpen",D11="Game"),IFERROR(INDEX(Reference!$B$61:$B$62,MATCH(D11,Reference!$A$61:$A$62,0)),""),IF(E11="","",VLOOKUP(E11,Reference!$A$6:$B$11,2,TRUE()))) -> 1 | O11: =VLOOKUP(MAX(K11,0),Reference!$A$17:$B$20,2,TRUE()) -> 0.6 | P11: =H11*N11*O11 -> 12
A12: Low | B12: 2 | C12: 1 | D12: Long Toss | E12: 75 | F12: 35 | G12: 45 | H12: =AVERAGE(F12,G12) -> 40 | I12: 15 | J12: 19 | K12: =AVERAGE(I12,J12) -> 17 | L12: =ROUND($E$4-J12,0) -> 69 | M12: =ROUND($E$4-I12,0) -> 73 | N12: =IF(OR(D12="Bullpen",D12="Game"),IFERROR(INDEX(Reference!$B$61:$B$62,MATCH(D12,Reference!$A$61:$A$62,0)),""),IF(E12="","",VLOOKUP(E12,Reference!$A$6:$B$11,2,TRUE()))) -> 1.3 | O12: =VLOOKUP(MAX(K12,0),Reference!$A$17:$B$20,2,TRUE()) -> 0.6 | P12: =H12*N12*O12 -> 31.2
A13: Low | B13: 2 | C13: 2 | D13: Flat Ground | E13: 60 | F13: 15 | G13: 20 | H13: =AVERAGE(F13,G13) -> 17.5 | I13: 13 | J13: 15 | K13: =AVERAGE(I13,J13) -> 14 | L13: =ROUND($E$4-J13,0) -> 73 | M13: =ROUND($E$4-I13,0) -> 75 | N13: =IF(OR(D13="Bullpen",D13="Game"),IFERROR(INDEX(Reference!$B$61:$B$62,MATCH(D13,Reference!$A$61:$A$62,0)),""),IF(E13="","",VLOOKUP(E13,Reference!$A$6:$B$11,2,TRUE()))) -> 1 | O13: =VLOOKUP(MAX(K13,0),Reference!$A$17:$B$20,2,TRUE()) -> 0.6 | P13: =H13*N13*O13 -> 10.5
A14: Medium | B14: 1 | C14: 1 | D14: Long Toss | E14: 120 | F14: 40 | G14: 50 | H14: =AVERAGE(F14,G14) -> 45 | I14: 7 | J14: 9 | K14: =AVERAGE(I14,J14) -> 8 | L14: =ROUND($E$4-J14,0) -> 79 | M14: =ROUND($E$4-I14,0) -> 81 | N14: =IF(OR(D14="Bullpen",D14="Game"),IFERROR(INDEX(Reference!$B$61:$B$62,MATCH(D14,Reference!$A$61:$A$62,0)),""),IF(E14="","",VLOOKUP(E14,Reference!$A$6:$B$11,2,TRUE()))) -> 1.7 | O14: =VLOOKUP(MAX(K14,0),Reference!$A$17:$B$20,2,TRUE()) -> 1 | P14: =H14*N14*O14 -> 76.5
A15: Medium | B15: 1 | C15: 2 | D15: Flat Ground | E15: 60 | F15: 15 | G15: 20 | H15: =AVERAGE(F15,G15) -> 17.5 | I15: 5 | J15: 7 | K15: =AVERAGE(I15,J15) -> 6 | L15: =ROUND($E$4-J15,0) -> 81 | M15: =ROUND($E$4-I15,0) -> 83 | N15: =IF(OR(D15="Bullpen",D15="Game"),IFERROR(INDEX(Reference!$B$61:$B$62,MATCH(D15,Reference!$A$61:$A$62,0)),""),IF(E15="","",VLOOKUP(E15,Reference!$A$6:$B$11,2,TRUE()))) -> 1 | O15: =VLOOKUP(MAX(K15,0),Reference!$A$17:$B$20,2,TRUE()) -> 1.5 | P15: =H15*N15*O15 -> 26.25
A16: Medium | B16: 2 | C16: 1 | D16: Compression/Pulldowns | E16: 90 | F16: 30 | G16: 40 | H16: =AVERAGE(F16,G16) -> 35 | I16: 7 | J16: 9 | K16: =AVERAGE(I16,J16) -> 8 | L16: =ROUND($E$4-J16,0) -> 79 | M16: =ROUND($E$4-I16,0) -> 81 | N16: =IF(OR(D16="Bullpen",D16="Game"),IFERROR(INDEX(Reference!$B$61:$B$62,MATCH(D16,Reference!$A$61:$A$62,0)),""),IF(E16="","",VLOOKUP(E16,Reference!$A$6:$B$11,2,TRUE()))) -> 1.3 | O16: =VLOOKUP(MAX(K16,0),Reference!$A$17:$B$20,2,TRUE()) -> 1 | P16: =H16*N16*O16 -> 45.5
A17: Medium | B17: 2 | C17: 2 | D17: Flat Ground | E17: 60 | F17: 15 | G17: 20 | H17: =AVERAGE(F17,G17) -> 17.5 | I17: 5 | J17: 7 | K17: =AVERAGE(I17,J17) -> 6 | L17: =ROUND($E$4-J17,0) -> 81 | M17: =ROUND($E$4-I17,0) -> 83 | N17: =IF(OR(D17="Bullpen",D17="Game"),IFERROR(INDEX(Reference!$B$61:$B$62,MATCH(D17,Reference!$A$61:$A$62,0)),""),IF(E17="","",VLOOKUP(E17,Reference!$A$6:$B$11,2,TRUE()))) -> 1 | O17: =VLOOKUP(MAX(K17,0),Reference!$A$17:$B$20,2,TRUE()) -> 1.5 | P17: =H17*N17*O17 -> 26.25
A18: High Non-Bullpen | B18: 1 | C18: 1 | D18: Long Toss | E18: 150 | F18: 30 | G18: 40 | H18: =AVERAGE(F18,G18) -> 35 | I18: 7 | J18: 9 | K18: =AVERAGE(I18,J18) -> 8 | L18: =ROUND($E$4-J18,0) -> 79 | M18: =ROUND($E$4-I18,0) -> 81 | N18: =IF(OR(D18="Bullpen",D18="Game"),IFERROR(INDEX(Reference!$B$61:$B$62,MATCH(D18,Reference!$A$61:$A$62,0)),""),IF(E18="","",VLOOKUP(E18,Reference!$A$6:$B$11,2,TRUE()))) -> 2.2 | O18: =VLOOKUP(MAX(K18,0),Reference!$A$17:$B$20,2,TRUE()) -> 1 | P18: =H18*N18*O18 -> 77
A19: High Non-Bullpen | B19: 1 | C19: 2 | D19: Compression/Pulldowns | E19: 120 | F19: 20 | G19: 30 | H19: =AVERAGE(F19,G19) -> 25 | I19: 0 | J19: 3 | K19: =AVERAGE(I19,J19) -> 1.5 | L19: =ROUND($E$4-J19,0) -> 85 | M19: =ROUND($E$4-I19,0) -> 88 | N19: =IF(OR(D19="Bullpen",D19="Game"),IFERROR(INDEX(Reference!$B$61:$B$62,MATCH(D19,Reference!$A$61:$A$62,0)),""),IF(E19="","",VLOOKUP(E19,Reference!$A$6:$B$11,2,TRUE()))) -> 1.7 | O19: =VLOOKUP(MAX(K19,0),Reference!$A$17:$B$20,2,TRUE()) -> 2 | P19: =H19*N19*O19 -> 85
A20: High Non-Bullpen | B20: 1 | C20: 3 | D20: Flat Ground | E20: 60 | F20: 15 | G20: 20 | H20: =AVERAGE(F20,G20) -> 17.5 | I20: 4 | J20: 6 | K20: =AVERAGE(I20,J20) -> 5 | L20: =ROUND($E$4-J20,0) -> 82 | M20: =ROUND($E$4-I20,0) -> 84 | N20: =IF(OR(D20="Bullpen",D20="Game"),IFERROR(INDEX(Reference!$B$61:$B$62,MATCH(D20,Reference!$A$61:$A$62,0)),""),IF(E20="","",VLOOKUP(E20,Reference!$A$6:$B$11,2,TRUE()))) -> 1 | O20: =VLOOKUP(MAX(K20,0),Reference!$A$17:$B$20,2,TRUE()) -> 1.5 | P20: =H20*N20*O20 -> 26.25
A21: High Non-Bullpen | B21: 2 | C21: 1 | D21: Long Toss | E21: 180 | F21: 25 | G21: 35 | H21: =AVERAGE(F21,G21) -> 30 | I21: 4 | J21: 6 | K21: =AVERAGE(I21,J21) -> 5 | L21: =ROUND($E$4-J21,0) -> 82 | M21: =ROUND($E$4-I21,0) -> 84 | N21: =IF(OR(D21="Bullpen",D21="Game"),IFERROR(INDEX(Reference!$B$61:$B$62,MATCH(D21,Reference!$A$61:$A$62,0)),""),IF(E21="","",VLOOKUP(E21,Reference!$A$6:$B$11,2,TRUE()))) -> 2.8 | O21: =VLOOKUP(MAX(K21,0),Reference!$A$17:$B$20,2,TRUE()) -> 1.5 | P21: =H21*N21*O21 -> 126
... A24: High Bullpen | B24: 1 | C24: 1 | D24: Long Toss | E24: 90 | F24: 20 | G24: 30 | H24: =AVERAGE(F24,G24) -> 25 | I24: 7 | J24: 9 | K24: =AVERAGE(I24,J24) -> 8 | L24: =ROUND($E$4-J24,0) -> 79 | M24: =ROUND($E$4-I24,0) -> 81 | N24: =IF(OR(D24="Bullpen",D24="Game"),IFERROR(INDEX(Reference!$B$61:$B$62,MATCH(D24,Reference!$A$61:$A$62,0)),""),IF(E24="","",VLOOKUP(E24,Reference!$A$6:$B$11,2,TRUE()))) -> 1.3 | O24: =VLOOKUP(MAX(K24,0),Reference!$A$17:$B$20,2,TRUE()) -> 1 | P24: =H24*N24*O24 -> 32.5
A25: High Bullpen | B25: 1 | C25: 2 | D25: Bullpen | F25: 25 | G25: 35 | H25: =AVERAGE(F25,G25) -> 30 | I25: 0 | J25: 3 | K25: =AVERAGE(I25,J25) -> 1.5 | L25: =ROUND($E$4-J25,0) -> 85 | M25: =ROUND($E$4-I25,0) -> 88 | N25: =IF(OR(D25="Bullpen",D25="Game"),IFERROR(INDEX(Reference!$B$61:$B$62,MATCH(D25,Reference!$A$61:$A$62,0)),""),IF(E25="","",VLOOKUP(E25,Reference!$A$6:$B$11,2,TRUE()))) -> 3 | O25: =VLOOKUP(MAX(K25,0),Reference!$A$17:$B$20,2,TRUE()) -> 2 | P25: =H25*N25*O25 -> 180
A26: High Bullpen | B26: 2 | C26: 1 | D26: Long Toss | E26: 120 | F26: 15 | G26: 20 | H26: =AVERAGE(F26,G26) -> 17.5 | I26: 7 | J26: 9 | K26: =AVERAGE(I26,J26) -> 8 | L26: =ROUND($E$4-J26,0) -> 79 | M26: =ROUND($E$4-I26,0) -> 81 | N26: =IF(OR(D26="Bullpen",D26="Game"),IFERROR(INDEX(Reference!$B$61:$B$62,MATCH(D26,Reference!$A$61:$A$62,0)),""),IF(E26="","",VLOOKUP(E26,Reference!$A$6:$B$11,2,TRUE()))) -> 1.7 | O26: =VLOOKUP(MAX(K26,0),Reference!$A$17:$B$20,2,TRUE()) -> 1 | P26: =H26*N26*O26 -> 29.75
A27: High Bullpen | B27: 2 | C27: 2 | D27: Bullpen | F27: 20 | G27: 25 | H27: =AVERAGE(F27,G27) -> 22.5 | I27: 0 | J27: 3 | K27: =AVERAGE(I27,J27) -> 1.5 | L27: =ROUND($E$4-J27,0) -> 85 | M27: =ROUND($E$4-I27,0) -> 88 | N27: =IF(OR(D27="Bullpen",D27="Game"),IFERROR(INDEX(Reference!$B$61:$B$62,MATCH(D27,Reference!$A$61:$A$62,0)),""),IF(E27="","",VLOOKUP(E27,Reference!$A$6:$B$11,2,TRUE()))) -> 3 | O27: =VLOOKUP(MAX(K27,0),Reference!$A$17:$B$20,2,TRUE()) -> 2 | P27: =H27*N27*O27 -> 135
A28: Game | B28: 1 | C28: 1 | D28: Bullpen | F28: 15 | G28: 20 | H28: =AVERAGE(F28,G28) -> 17.5 | I28: 3 | J28: 6 | K28: =AVERAGE(I28,J28) -> 4.5 | L28: =ROUND($E$4-J28,0) -> 82 | M28: =ROUND($E$4-I28,0) -> 85 | N28: =IF(OR(D28="Bullpen",D28="Game"),IFERROR(INDEX(Reference!$B$61:$B$62,MATCH(D28,Reference!$A$61:$A$62,0)),""),IF(E28="","",VLOOKUP(E28,Reference!$A$6:$B$11,2,TRUE()))) -> 3 | O28: =VLOOKUP(MAX(K28,0),Reference!$A$17:$B$20,2,TRUE()) -> 1.5 | P28: =H28*N28*O28 -> 78.75
A29: Game | B29: 1 | C29: 2 | D29: Game | F29: 20 | G29: 30 | H29: =AVERAGE(F29,G29) -> 25 | I29: 0 | J29: 3 | K29: =AVERAGE(I29,J29) -> 1.5 | L29: =ROUND($E$4-J29,0) -> 85 | M29: =ROUND($E$4-I29,0) -> 88 | N29: =IF(OR(D29="Bullpen",D29="Game"),IFERROR(INDEX(Reference!$B$61:$B$62,MATCH(D29,Reference!$A$61:$A$62,0)),""),IF(E29="","",VLOOKUP(E29,Reference!$A$6:$B$11,2,TRUE()))) -> 3.2 | O29: =VLOOKUP(MAX(K29,0),Reference!$A$17:$B$20,2,TRUE()) -> 2 | P29: =H29*N29*O29 -> 160
A30: Game | B30: 2 | C30: 1 | D30: Bullpen | F30: 20 | G30: 25 | H30: =AVERAGE(F30,G30) -> 22.5 | I30: 3 | J30: 6 | K30: =AVERAGE(I30,J30) -> 4.5 | L30: =ROUND($E$4-J30,0) -> 82 | M30: =ROUND($E$4-I30,0) -> 85 | N30: =IF(OR(D30="Bullpen",D30="Game"),IFERROR(INDEX(Reference!$B$61:$B$62,MATCH(D30,Reference!$A$61:$A$62,0)),""),IF(E30="","",VLOOKUP(E30,Reference!$A$6:$B$11,2,TRUE()))) -> 3 | O30: =VLOOKUP(MAX(K30,0),Reference!$A$17:$B$20,2,TRUE()) -> 1.5 | P30: =H30*N30*O30 -> 101.25
A31: Game | B31: 2 | C31: 2 | D31: Game | F31: 60 | G31: 80 | H31: =AVERAGE(F31,G31) -> 70 | I31: 0 | J31: 3 | K31: =AVERAGE(I31,J31) -> 1.5 | L31: =ROUND($E$4-J31,0) -> 85 | M31: =ROUND($E$4-I31,0) -> 88 | N31: =IF(OR(D31="Bullpen",D31="Game"),IFERROR(INDEX(Reference!$B$61:$B$62,MATCH(D31,Reference!$A$61:$A$62,0)),""),IF(E31="","",VLOOKUP(E31,Reference!$A$6:$B$11,2,TRUE()))) -> 3.2 | O31: =VLOOKUP(MAX(K31,0),Reference!$A$17:$B$20,2,TRUE()) -> 2 | P31: =H31*N31*O31 -> 448
A32: Low Bullpen | B32: 1 | C32: 1 | D32: Long Toss | E32: 90 | F32: 20 | G32: 30 | H32: =AVERAGE(F32,G32) -> 25 | I32: 14 | J32: 18 | K32: =AVERAGE(I32,J32) -> 16 | L32: =ROUND($E$4-J32,0) -> 70 | M32: =ROUND($E$4-I32,0) -> 74 | N32: =IF(OR(D32="Bullpen",D32="Game"),IFERROR(INDEX(Reference!$B$61:$B$62,MATCH(D32,Reference!$A$61:$A$62,0)),""),IF(E32="","",VLOOKUP(E32,Reference!$A$6:$B$11,2,TRUE()))) -> 1.3 | O32: =VLOOKUP(MAX(K32,0),Reference!$A$17:$B$20,2,TRUE()) -> 0.6 | P32: =H32*N32*O32 -> 19.5
A33: Low Bullpen | B33: 1 | C33: 2 | D33: Bullpen | F33: 20 | G33: 25 | H33: =AVERAGE(F33,G33) -> 22.5 | I33: 7 | J33: 9 | K33: =AVERAGE(I33,J33) -> 8 | L33: =ROUND($E$4-J33,0) -> 79 | M33: =ROUND($E$4-I33,0) -> 81 | N33: =IF(OR(D33="Bullpen",D33="Game"),IFERROR(INDEX(Reference!$B$61:$B$62,MATCH(D33,Reference!$A$61:$A$62,0)),""),IF(E33="","",VLOOKUP(E33,Reference!$A$6:$B$11,2,TRUE()))) -> 3 | O33: =VLOOKUP(MAX(K33,0),Reference!$A$17:$B$20,2,TRUE()) -> 1 | P33: =H33*N33*O33 -> 67.5
A34: Low Bullpen | B34: 2 | C34: 1 | D34: Long Toss | E34: 75 | F34: 15 | G34: 25 | H34: =AVERAGE(F34,G34) -> 20 | I34: 14 | J34: 18 | K34: =AVERAGE(I34,J34) -> 16 | L34: =ROUND($E$4-J34,0) -> 70 | M34: =ROUND($E$4-I34,0) -> 74 | N34: =IF(OR(D34="Bullpen",D34="Game"),IFERROR(INDEX(Reference!$B$61:$B$62,MATCH(D34,Reference!$A$61:$A$62,0)),""),IF(E34="","",VLOOKUP(E34,Reference!$A$6:$B$11,2,TRUE()))) -> 1.3 | O34: =VLOOKUP(MAX(K34,0),Reference!$A$17:$B$20,2,TRUE()) -> 0.6 | P34: =H34*N34*O34 -> 15.6
A35: Low Bullpen | B35: 2 | C35: 2 | D35: Bullpen | F35: 25 | G35: 30 | H35: =AVERAGE(F35,G35) -> 27.5 | I35: 9 | J35: 12 | K35: =AVERAGE(I35,J35) -> 10.5 | L35: =ROUND($E$4-J35,0) -> 76 | M35: =ROUND($E$4-I35,0) -> 79 | N35: =IF(OR(D35="Bullpen",D35="Game"),IFERROR(INDEX(Reference!$B$61:$B$62,MATCH(D35,Reference!$A$61:$A$62,0)),""),IF(E35="","",VLOOKUP(E35,Reference!$A$6:$B$11,2,TRUE()))) -> 3 | O35: =VLOOKUP(MAX(K35,0),Reference!$A$17:$B$20,2,TRUE()) -> 0.6 | P35: =H35*N35*O35 -> 49.5
A36: Low Bullpen = low-intent mound work (touch-and-feel / feel pen, about 7-12 mph under Avg Top Velo). Scored with the same Mound Factor as any bullpen - the lower Intensity Factor is what keeps its workload near a Medium day.
A37: Template Summary — Total Projected Workload & Plan Description
A38: Category | B38: Example # | C38: Total Projected Workload | D38: Segment Plan
A39: Low | B39: 1 | C39: =P10+P11 -> 51 | D39: =CONCATENATE(IF(E10="","Mound",E10&" ft")&" — "&F10&"-"&G10&" throws @ "&L10&"-"&M10&" mph"," + ",IF(E11="","Mound",E11&" ft")&" — "&F11&"-"&G11&" throws @ "&L11&"-"&M11&" mph") -> 90 ft — 45-55 throws @ 70-74 mph + 60 ft — 15-25 throws @ 74-76 mph
A40: Low | B40: 2 | C40: =P12+P13 -> 41.7 | D40: =CONCATENATE(IF(E12="","Mound",E12&" ft")&" — "&F12&"-"&G12&" throws @ "&L12&"-"&M12&" mph"," + ",IF(E13="","Mound",E13&" ft")&" — "&F13&"-"&G13&" throws @ "&L13&"-"&M13&" mph") -> 75 ft — 35-45 throws @ 69-73 mph + 60 ft — 15-20 throws @ 73-75 mph
A41: Medium | B41: 1 | C41: =P14+P15 -> 102.75 | D41: =CONCATENATE(IF(E14="","Mound",E14&" ft")&" — "&F14&"-"&G14&" throws @ "&L14&"-"&M14&" mph"," + ",IF(E15="","Mound",E15&" ft")&" — "&F15&"-"&G15&" throws @ "&L15&"-"&M15&" mph") -> 120 ft — 40-50 throws @ 79-81 mph + 60 ft — 15-20 throws @ 81-83 mph
A42: Medium | B42: 2 | C42: =P16+P17 -> 71.75 | D42: =CONCATENATE(IF(E16="","Mound",E16&" ft")&" — "&F16&"-"&G16&" throws @ "&L16&"-"&M16&" mph"," + ",IF(E17="","Mound",E17&" ft")&" — "&F17&"-"&G17&" throws @ "&L17&"-"&M17&" mph") -> 90 ft — 30-40 throws @ 79-81 mph + 60 ft — 15-20 throws @ 81-83 mph
A43: High Non-Bullpen | B43: 1 | C43: =P18+P19+P20 -> 188.25 | D43: =CONCATENATE(IF(E18="","Mound",E18&" ft")&" — "&F18&"-"&G18&" throws @ "&L18&"-"&M18&" mph"," + ",IF(E19="","Mound",E19&" ft")&" — "&F19&"-"&G19&" throws @ "&L19&"-"&M19&" mph"," + ",IF(E20="","Mound",E20&" ft")&" — "&F20&"-"&G20&" throws @ "&L20&"-"&M20&" mph") -> 150 ft — 30-40 throws @ 79-81 mph + 120 ft — 20-30 throws @ 85-88 mph + 60 ft — 15-20 throws @ 82-84 mph
A44: High Non-Bullpen | B44: 2 | C44: =P21+P22+P23 -> 197.75 | D44: =CONCATENATE(IF(E21="","Mound",E21&" ft")&" — "&F21&"-"&G21&" throws @ "&L21&"-"&M21&" mph"," + ",IF(E22="","Mound",E22&" ft")&" — "&F22&"-"&G22&" throws @ "&L22&"-"&M22&" mph"," + ",IF(E23="","Mound",E23&" ft")&" — "&F23&"-"&G23&" throws @ "&L23&"-"&M23&" mph") -> 180 ft — 25-35 throws @ 82-84 mph + 90 ft — 15-20 throws @ 85-88 mph + 60 ft — 15-20 throws @ 82-84 mph
A45: High Bullpen | B45: 1 | C45: =P24+P25 -> 212.5 | D45: =CONCATENATE(IF(E24="","Mound",E24&" ft")&" — "&F24&"-"&G24&" throws @ "&L24&"-"&M24&" mph"," + ",IF(E25="","Mound",E25&" ft")&" — "&F25&"-"&G25&" throws @ "&L25&"-"&M25&" mph") -> 90 ft — 20-30 throws @ 79-81 mph + Mound — 25-35 throws @ 85-88 mph
A46: High Bullpen | B46: 2 | C46: =P26+P27 -> 164.75 | D46: =CONCATENATE(IF(E26="","Mound",E26&" ft")&" — "&F26&"-"&G26&" throws @ "&L26&"-"&M26&" mph"," + ",IF(E27="","Mound",E27&" ft")&" — "&F27&"-"&G27&" throws @ "&L27&"-"&M27&" mph") -> 120 ft — 15-20 throws @ 79-81 mph + Mound — 20-25 throws @ 85-88 mph
A47: Game | B47: 1 | C47: =P28+P29 -> 238.75 | D47: =CONCATENATE(IF(E28="","Mound",E28&" ft")&" — "&F28&"-"&G28&" throws @ "&L28&"-"&M28&" mph"," + ",IF(E29="","Mound",E29&" ft")&" — "&F29&"-"&G29&" throws @ "&L29&"-"&M29&" mph") -> Mound — 15-20 throws @ 82-85 mph + Mound — 20-30 throws @ 85-88 mph
A48: Game | B48: 2 | C48: =P30+P31 -> 549.25 | D48: =CONCATENATE(IF(E30="","Mound",E30&" ft")&" — "&F30&"-"&G30&" throws @ "&L30&"-"&M30&" mph"," + ",IF(E31="","Mound",E31&" ft")&" — "&F31&"-"&G31&" throws @ "&L31&"-"&M31&" mph") -> Mound — 20-25 throws @ 82-85 mph + Mound — 60-80 throws @ 85-88 mph
A49: Low Bullpen | B49: 1 | C49: =P32+P33 -> 87 | D49: =CONCATENATE(IF(E32="","Mound",E32&" ft")&" — "&F32&"-"&G32&" throws @ "&L32&"-"&M32&" mph"," + ",IF(E33="","Mound",E33&" ft")&" — "&F33&"-"&G33&" throws @ "&L33&"-"&M33&" mph") -> 90 ft — 20-30 throws @ 70-74 mph + Mound — 20-25 throws @ 79-81 mph
A50: Low Bullpen | B50: 2 | C50: =P34+P35 -> 65.1 | D50: =CONCATENATE(IF(E34="","Mound",E34&" ft")&" — "&F34&"-"&G34&" throws @ "&L34&"-"&M34&" mph"," + ",IF(E35="","Mound",E35&" ft")&" — "&F35&"-"&G35&" throws @ "&L35&"-"&M35&" mph") -> 75 ft — 15-25 throws @ 70-74 mph + Mound — 25-30 throws @ 76-79 mph
A52: Day Type Quick Reference (used by Next Outing Planner)
A53: Avg Projected Workload is the average of the 2 examples above — and, because workload is driven by deficit bands (not absolute mph), it's the same number no matter which player is picked as Demo Player.
A54: Day Type | B54: Avg Projected Workload | C54: Representative Plan (Example 1)
A55: Low | B55: =AVERAGE(C39,C40) -> 46.35 | C55: =D39 -> 90 ft — 45-55 throws @ 70-74 mph + 60 ft — 15-25 throws @ 74-76 mph
A56: Medium | B56: =AVERAGE(C41,C42) -> 87.25 | C56: =D41 -> 120 ft — 40-50 throws @ 79-81 mph + 60 ft — 15-20 throws @ 81-83 mph
A57: High Non-Bullpen | B57: =AVERAGE(C43,C44) -> 193 | C57: =D43 -> 150 ft — 30-40 throws @ 79-81 mph + 120 ft — 20-30 throws @ 85-88 mph + 60 ft — 15-20 throws @ 82-84 mph
A58: High Bullpen | B58: =AVERAGE(C45,C46) -> 188.625 | C58: =D45 -> 90 ft — 20-30 throws @ 79-81 mph + Mound — 25-35 throws @ 85-88 mph
A59: Game | B59: =AVERAGE(C47,C48) -> 394 | C59: =D47 -> Mound — 15-20 throws @ 82-85 mph + Mound — 20-30 throws @ 85-88 mph
A60: Low Bullpen | B60: =AVERAGE(C49,C50) -> 76.05 | C60: =D49 -> 90 ft — 20-30 throws @ 70-74 mph + Mound — 20-25 throws @ 79-81 mph

Sheet Next Outing Planner
A1: Next Outing Planner
A2: Pick a player, what he's building toward (a live Game outing or his next High Bullpen day), and that date. Below, This Week's Plan lays out every day between now and then — starting from the Periodization Rule on the Reference tab (a 3-day build/compete/recover cycle repeats for anything more than 5 days out, so a long gap doesn't flatline at Low), then nudging up or down one tier for three things: how his ACTUAL logged workload (Throw Log) compared to what was planned the day before, whether the PRIOR day ended up on a harder or easier tier than its own baseline (this is what makes a Manual Override cascade), and whether his trailing 7-day/28-day ACWR (right below) is already running hot or cold. Don't like a day's suggestion? Pick a Day Type in that row's Manual Override column — every day after it re-plans around your override immediately, even before it's actually been thrown. Log each real session in Throw Log as it happens and re-open this tab — the plan for the days still ahead keeps adjusting itself. Once he throws his outing/bullpen day, just update the date above to his NEXT one and this whole tab regenerates for the new week — nothing to clear by hand.
A4: Player: | B4: Adam Arther
A5: Next High-Intent Day Type: | B5: Game
A6: Next High-Intent Day Date: | B6: 46304
A7: Today's Date: | B7: =TODAY() -> 46295
A8: Player's Avg Top Velo: | B8: =IFERROR(INDEX(Roster!$D$5:$D$40,MATCH($B$4,Roster!$A$5:$A$40,0)),"") -> 87.9
A10: Current Status — Last 7 / Last 28 Days (this player, as of Today's Date)
A11: Acute Workload (7-day avg/day) | B11: =SUMIFS('Throw Log'!$Q$5:$Q$300,'Throw Log'!$B$5:$B$300,$B$4,'Throw Log'!$A$5:$A$300,">="&($B$7-6),'Throw Log'!$A$5:$A$300,"<="&$B$7)/7 -> 70.188571
A12: Chronic Workload (28-day avg/day) | B12: =SUMIFS('Throw Log'!$Q$5:$Q$300,'Throw Log'!$B$5:$B$300,$B$4,'Throw Log'!$A$5:$A$300,">="&($B$7-27),'Throw Log'!$A$5:$A$300,"<="&$B$7)/28 -> 63.09
A13: ACWR (Acute ÷ Chronic) | B13: =IFERROR(B11/B12,"N/A") -> 1.112515
A14: Zone | B14: =IF(OR(B12=0,B13="N/A"),"Insufficient history (need ~28 days logged)",IFERROR(VLOOKUP(B13,Reference!$A$24:$C$27,2,TRUE()),"Insufficient history")) -> Sweet Spot
A15: Guidance | B15: =IF(OR(B12=0,B13="N/A"),"Log at least 28 days of throws for a reliable trend. Meanwhile, rely on RPE and arm feedback before adding volume.",IFERROR(VLOOKUP(B13,Reference!$A$24:$C$27,3,TRUE()),"")) -> 0.8–1.3 — ideal loading zone; maintain the planned progression.
A16: Zone-Based Adjustment (used below) | B16: =IF(OR(B14="Caution",B14="High Risk"),-1,IF(B14="Undertrained",1,0)) -> 0 | C16: A hot or cautious trailing week caps how far This Week's Plan can escalate (-1 tier); an undertrained week only allows an EXTRA upgrade if yesterday's actual session also came in light — see the Combined Adjustment column below.
A18: Quick Glance
A19: Tomorrow's Date: | B19: =$B$7+1 -> 46296
A20: Tomorrow's Recommended Day Type: | B20: =IF(R28="","(check inputs above)",R28) -> Low
A21: Tomorrow's Suggested Plan: | B21: =IF(S28="","",S28) -> 90 ft — 45-55 throws @ 70-74 mph + 60 ft — 15-25 throws @ 74-76 mph
A22: Outing/Bullpen Day Plan: | B22: ="("&TEXT($B$6,"ddd m/d")&" — "&$B$5&") "&IF($B$5="Game",IF(AND($B$23="",$D$23=""),"Enter planned pitches/innings below — velo cannot be predicted for a live game.",IF(AND($B$23<>"",$D$23<>""),"Planned: "&$B$23&" pitches over "&$D$23&" innings",IF($B$23<>"","Planned: "&$B$23&" pitches","Planned: "&$D$23&" innings"))),IF($B$5="High Bullpen",CONCATENATE(IF('Day Type Templates'!$E$24="","Mound",'Day Type Templates'!$E$24&" ft")&" — "&'Day Type Templates'!$F$24&"-"&'Day Type Templates'!$G$24&" throws"&" @ "&ROUND($B$8-'Day Type Templates'!$J$24,0)&"-"&ROUND($B$8-'Day Type Templates'!$I$24,0)&" mph"," + ",IF('Day Type Templates'!$E$25="","Mound",'Day Type Templates'!$E$25&" ft")&" — "&'Day Type Templates'!$F$25&"-"&'Day Type Templates'!$G$25&" throws"&" @ "&ROUND($B$8-'Day Type Templates'!$J$25,0)&"-"&ROUND($B$8-'Day Type Templates'!$I$25,0)&" mph"),IF($B$5="Low Bullpen",CONCATENATE(IF('Day Type Templates'!$E$32="","Mound",'Day Type Templates'!$E$32&" ft")&" — "&'Day Type Templates'!$F$32&"-"&'Day Type Templates'!$G$32&" throws"&" @ "&ROUND($B$8-'Day Type Templates'!$J$32,0)&"-"&ROUND($B$8-'Day Type Templates'!$I$32,0)&" mph"," + ",IF('Day Type Templates'!$E$33="","Mound",'Day Type Templates'!$E$33&" ft")&" — "&'Day Type Templates'!$F$33&"-"&'Day Type Templates'!$G$33&" throws"&" @ "&ROUND($B$8-'Day Type Templates'!$J$33,0)&"-"&ROUND($B$8-'Day Type Templates'!$I$33,0)&" mph"),""))) -> (Fri 10/9 — Game) Enter planned pitches/innings below — velo cannot be predicted for a live game.
A23: If Game — Planned Pitches: | C23: Planned Innings: | E23: Velo and exact pitch count in a live game aren't something you can plan or predict game to game — enter what you're calling for here instead. Ignored for High Bullpen / Low Bullpen, where the auto-generated plan below still applies.
A24: This Week's Plan — Tomorrow Through the Day Before the Next High-Intent Day
A25: Baseline Day Type comes from the Periodization Rule table on the Reference tab (days until your next High-Intent Day, clamped at 5+, cycling through a build/compete/recover rhythm beyond that) — unless you've set a Manual Override on that day, in which case Baseline Day Type just shows your override instead. Pick "(none)" in that same dropdown to clear it and fall back to the algorithm's own pick. If the PRIOR day ended up on a harder or easier tier than ITS OWN untouched algorithmic baseline — a earlier cascaded adjustment — that Prior-Day Plan Shift decides today's Combined Adjustment on its own, in whichever direction it points, immediately, even before that prior day is actually thrown. With no such deviation, Combined Adjustment instead blends two signals: Prior-Day Adjustment (was the PRIOR day's actual logged workload >20% heavier or lighter than what was planned for it) and the Zone-Based Adjustment above (is the trailing week already hot or cold) — either alone can trigger a downgrade, but an upgrade needs both to agree. The day immediately before your High-Intent Day can only be downgraded, never escalated. An upgrade out of Medium defaults to High Non-Bullpen (a bullpen day should be a deliberate schedule choice, not a reaction to one big session). This table — and Quick Glance above — recalculates automatically the moment you change Player, Next High-Intent Day Date/Type, Today's Date, or a Manual Override, and as new sessions are logged in Throw Log.
A27: Date | B27: Day | C27: Days Until Outing | D27: Baseline Day Type | E27: Baseline Tier # | F27: Prior Date | G27: Prior Days Until Outing | H27: Prior Baseline Day Type | I27: Prior Planned Workload | J27: Prior Actual Workload | K27: Actual/ Planned Ratio | L27: Prior-Day Adjustment | M27: Prior-Day Plan Shift | N27: Zone-Based Adjustment | O27: Combined Adjustment | P27: Clamped Adjustment | Q27: Final Tier # | R27: Final Day Type | S27: Suggested Plan (Example 1) | T27: Manual Override (optional)
A28: =IF($B$7+1<$B$6,$B$7+1,"") -> 46296 | B28: =IF(A28="","",TEXT(A28,"ddd")) -> Thu | C28: =IF(A28="","",$B$6-A28) -> 8 | D28: =IF(A28="","",IF(AND(T28<>"",T28<>"(none)"),T28,IF(C28<=5,IFERROR(INDEX(Reference!$B$73:$B$78,MATCH(C28,Reference!$A$73:$A$78,0)),"Low"),IFERROR(INDEX(Reference!$B$84:$B$86,MATCH(MOD(C28-6,3),Reference!$A$84:$A$86,0)),"Low")))) -> Low | E28: =IF(D28="","",IF(D28="No Throw",0,IF(D28="Low",1,IF(OR(D28="Medium",D28="Low Bullpen"),2,IF(OR(D28="High Non-Bullpen",D28="High Bullpen"),3,4))))) -> 1 | F28: =IF(A28="","",A28-1) -> 46295 | G28: =IF(F28="","",$B$6-F28) -> 9 | H28: =IF(F28="","",IF(G28<=5,IFERROR(INDEX(Reference!$B$73:$B$78,MATCH(G28,Reference!$A$73:$A$78,0)),"Low"),IFERROR(INDEX(Reference!$B$84:$B$86,MATCH(MOD(G28-6,3),Reference!$A$84:$A$86,0)),"Low"))) -> Medium | I28: =IF(H28="","",IFERROR(INDEX('Day Type Templates'!$B$55:$B$60,MATCH(H28,'Day Type Templates'!$A$55:$A$60,0)),"")) -> 87.25 | J28: =IF(F28="","",SUMIFS('Throw Log'!$Q$5:$Q$300,'Throw Log'!$B$5:$B$300,$B$4,'Throw Log'!$A$5:$A$300,F28)) -> 0 | K28: =IF(OR(I28="",I28=0,J28="",J28=0),1,J28/I28) -> 1 | L28: =IF(K28>1.2,-1,IF(K28<0.8,1,0)) -> 0 | M28: =IF(A28="","",0) -> 0 | N28: =$B$16 -> 0 | O28: =IF(A28="","",IF(M28<>0,M28,MIN(L28,N28))) -> 0 | P28: =IF(C28=1,MIN(O28,0),O28) -> 0 | Q28: =IF(A28="","",MIN(3,MAX(1,E28+P28))) -> 1 | R28: =IF(A28="","",IF(AND(T28<>"",T28<>"(none)"),T28,IF(Q28="","",IF(Q28=E28,D28,IF(Q28=1,"Low",IF(Q28=2,"Medium","High Non-Bullpen")))))) -> Low | S28: =IF(R28="","",IF(R28="No Throw","Full rest — no throwing today.",IF(R28="Low",CONCATENATE(IF('Day Type Templates'!$E$10="","Mound",'Day Type Templates'!$E$10&" ft")&" — "&'Day Type Templates'!$F$10&"-"&'Day Type Templates'!$G$10&" throws"&" @ "&ROUND($B$8-'Day Type Templates'!$J$10,0)&"-"&ROUND($B$8-'Day Type Templates'!$I$10,0)&" mph"," + ",IF('Day Type Templates'!$E$11="","Mound",'Day Type Templates'!$E$11&" ft")&" — "&'Day Type Templates'!$F$11&"-"&'Day Type Templates'!$G$11&" throws"&" @ "&ROUND($B$8-'Day Type Templates'!$J$11,0)&"-"&ROUND($B$8-'Day Type Templates'!$I$11,0)&" mph"),IF(R28="Medium",CONCATENATE(IF('Day Type Templates'!$E$14="","Mound",'Day Type Templates'!$E$14&" ft")&" — "&'Day Type Templates'!$F$14&"-"&'Day Type Templates'!$G$14&" throws"&" @ "&ROUND($B$8-'Day Type Templates'!$J$14,0)&"-"&ROUND($B$8-'Day Type Templates'!$I$14,0)&" mph"," + ",IF('Day Type Templates'!$E$15="","Mound",'Day Type Templates'!$E$15&" ft")&" — "&'Day Type Templates'!$F$15&"-"&'Day Type Templates'!$G$15&" throws"&" @ "&ROUND($B$8-'Day Type Templates'!$J$15,0)&"-"&ROUND($B$8-'Day Type Templates'!$I$15,0)&" mph"),IF(R28="High Non-Bullpen",CONCATENATE(IF('Day Type Templates'!$E$18="","Mound",'Day Type Templates'!$E$18&" ft")&" — "&'Day Type Templates'!$F$18&"-"&'Day Type Templates'!$G$18&" throws"&" @ "&ROUND($B$8-'Day Type Templates'!$J$18,0)&"-"&ROUND($B$8-'Day Type Templates'!$I$18,0)&" mph"," + ",IF('Day Type Templates'!$E$19="","Mound",'Day Type Templates'!$E$19&" ft")&" — "&'Day Type Templates'!$F$19&"-"&'Day Type Templates'!$G$19&" throws"&" @ "&ROUND($B$8-'Day Type Templates'!$J$19,0)&"-"&ROUND($B$8-'Day Type Templates'!$I$19,0)&" mph"," + ",IF('Day Type Templates'!$E$20="","Mound",'Day Type Templates'!$E$20&" ft")&" — "&'Day Type Templates'!$F$20&"-"&'Day Type Templates'!$G$20&" throws"&" @ "&ROUND($B$8-'Day Type Templates'!$J$20,0)&"-"&ROUND($B$8-'Day Type Templates'!$I$20,0)&" mph"),IF(R28="High Bullpen",CONCATENATE(IF('Day Type Templates'!$E$24="","Mound",'Day Type Templates'!$E$24&" ft")&" — "&'Day Type Templates'!$F$24&"-"&'Day Type Templates'!$G$24&" throws"&" @ "&ROUND($B$8-'Day Type Templates'!$J$24,0)&"-"&ROUND($B$8-'Day Type Templates'!$I$24,0)&" mph"," + ",IF('Day Type Templates'!$E$25="","Mound",'Day Type Templates'!$E$25&" ft")&" — "&'Day Type Templates'!$F$25&"-"&'Day Type Templates'!$G$25&" throws"&" @ "&ROUND($B$8-'Day Type Templates'!$J$25,0)&"-"&ROUND($B$8-'Day Type Templates'!$I$25,0)&" mph"),IF(R28="Low Bullpen",CONCATENATE(IF('Day Type Templates'!$E$32="","Mound",'Day Type Templates'!$E$32&" ft")&" — "&'Day Type Templates'!$F$32&"-"&'Day Type Templates'!$G$32&" throws"&" @ "&ROUND($B$8-'Day Type Templates'!$J$32,0)&"-"&ROUND($B$8-'Day Type Templates'!$I$32,0)&" mph"," + ",IF('Day Type Templates'!$E$33="","Mound",'Day Type Templates'!$E$33&" ft")&" — "&'Day Type Templates'!$F$33&"-"&'Day Type Templates'!$G$33&" throws"&" @ "&ROUND($B$8-'Day Type Templates'!$J$33,0)&"-"&ROUND($B$8-'Day Type Templates'!$I$33,0)&" mph"),"Game — see Reference tab for warm-up rules"))))))) -> 90 ft — 45-55 throws @ 70-74 mph + 60 ft — 15-25 throws @ 74-76 mph | T28: (none)
A29: =IF($B$7+2<$B$6,$B$7+2,"") -> 46297 | B29: =IF(A29="","",TEXT(A29,"ddd")) -> Fri | C29: =IF(A29="","",$B$6-A29) -> 7 | D29: =IF(A29="","",IF(AND(T29<>"",T29<>"(none)"),T29,IF(C29<=5,IFERROR(INDEX(Reference!$B$73:$B$78,MATCH(C29,Reference!$A$73:$A$78,0)),"Low"),IFERROR(INDEX(Reference!$B$84:$B$86,MATCH(MOD(C29-6,3),Reference!$A$84:$A$86,0)),"Low")))) -> Low Bullpen | E29: =IF(D29="","",IF(D29="No Throw",0,IF(D29="Low",1,IF(OR(D29="Medium",D29="Low Bullpen"),2,IF(OR(D29="High Non-Bullpen",D29="High Bullpen"),3,4))))) -> 2 | F29: =IF(A29="","",A29-1) -> 46296 | G29: =IF(F29="","",$B$6-F29) -> 8 | H29: =IF(F29="","",R28) -> Low | I29: =IF(H29="","",IFERROR(INDEX('Day Type Templates'!$B$55:$B$60,MATCH(H29,'Day Type Templates'!$A$55:$A$60,0)),"")) -> 46.35 | J29: =IF(F29="","",SUMIFS('Throw Log'!$Q$5:$Q$300,'Throw Log'!$B$5:$B$300,$B$4,'Throw Log'!$A$5:$A$300,F29)) -> 0 | K29: =IF(OR(I29="",I29=0,J29="",J29=0),1,J29/I29) -> 1 | L29: =IF(K29>1.2,-1,IF(K29<0.8,1,0)) -> 0 | M29: =IF(A29="","",IF(R28="","",IF(IF(R28="No Throw",0,IF(R28="Low",1,IF(OR(R28="Medium",R28="Low Bullpen"),2,IF(OR(R28="High Non-Bullpen",R28="High Bullpen"),3,4))))=IF(IF(C28<=5,IFERROR(INDEX(Reference!$B$73:$B$78,MATCH(C28,Reference!$A$73:$A$78,0)),"Low"),IFERROR(INDEX(Reference!$B$84:$B$86,MATCH(MOD(C28-6,3),Reference!$A$84:$A$86,0)),"Low"))="No Throw",0,IF(IF(C28<=5,IFERROR(INDEX(Reference!$B$73:$B$78,MATCH(C28,Reference!$A$73:$A$78,0)),"Low"),IFERROR(INDEX(Reference!$B$84:$B$86,MATCH(MOD(C28-6,3),Reference!$A$84:$A$86,0)),"Low"))="Low",1,IF(IF(C28<=5,IFERROR(INDEX(Reference!$B$73:$B$78,MATCH(C28,Reference!$A$73:$A$78,0)),"Low"),IFERROR(INDEX(Reference!$B$84:$B$86,MATCH(MOD(C28-6,3),Reference!$A$84:$A$86,0)),"Low"))="Medium",2,IF(OR(IF(C28<=5,IFERROR(INDEX(Reference!$B$73:$B$78,MATCH(C28,Reference!$A$73:$A$78,0)),"Low"),IFERROR(INDEX(Reference!$B$84:$B$86,MATCH(MOD(C28-6,3),Reference!$A$84:$A$86,0)),"Low"))="High Non-Bullpen",IF(C28<=5,IFERROR(INDEX(Reference!$B$73:$B$78,MATCH(C28,Reference!$A$73:$A$78,0)),"Low"),IFERROR(INDEX(Reference!$B$84:$B$86,MATCH(MOD(C28-6,3),Reference!$A$84:$A$86,0)),"Low"))="High Bullpen"),3,4)))),0,IF(IF(R28="No Throw",0,IF(R28="Low",1,IF(R28="Medium",2,IF(OR(R28="High Non-Bullpen",R28="High Bullpen"),3,4))))>IF(IF(C28<=5,IFERROR(INDEX(Reference!$B$73:$B$78,MATCH(C28,Reference!$A$73:$A$78,0)),"Low"),IFERROR(INDEX(Reference!$B$84:$B$86,MATCH(MOD(C28-6,3),Reference!$A$84:$A$86,0)),"Low"))="No Throw",0,IF(IF(C28<=5,IFERROR(INDEX(Reference!$B$73:$B$78,MATCH(C28,Reference!$A$73:$A$78,0)),"Low"),IFERROR(INDEX(Reference!$B$84:$B$86,MATCH(MOD(C28-6,3),Reference!$A$84:$A$86,0)),"Low"))="Low",1,IF(IF(C28<=5,IFERROR(INDEX(Reference!$B$73:$B$78,MATCH(C28,Reference!$A$73:$A$78,0)),"Low"),IFERROR(INDEX(Reference!$B$84:$B$86,MATCH(MOD(C28-6,3),Reference!$A$84:$A$86,0)),"Low"))="Medium",2,IF(OR(IF(C28<=5,IFERROR(INDEX(Reference!$B$73:$B$78,MATCH(C28,Reference!$A$73:$A$78,0)),"Low"),IFERROR(INDEX(Reference!$B$84:$B$86,MATCH(MOD(C28-6,3),Reference!$A$84:$A$86,0)),"Low"))="High Non-Bullpen",IF(C28<=5,IFERROR(INDEX(Reference!$B$73:$B$78,MATCH(C28,Reference!$A$73:$A$78,0)),"Low"),IFERROR(INDEX(Reference!$B$84:$B$86,MATCH(MOD(C28-6,3),Reference!$A$84:$A$86,0)),"Low"))="High Bullpen"),3,4)))),-1,1)))) -> 0 | N29: =$B$16 -> 0 | O29: =IF(A29="","",IF(M29<>0,M29,MIN(L29,N29))) -> 0 | P29: =IF(C29=1,MIN(O29,0),O29) -> 0 | Q29: =IF(A29="","",MIN(3,MAX(1,E29+P29))) -> 2 | R29: =IF(A29="","",IF(AND(T29<>"",T29<>"(none)"),T29,IF(Q29="","",IF(Q29=E29,D29,IF(Q29=1,"Low",IF(Q29=2,"Medium","High Non-Bullpen")))))) -> Low Bullpen | S29: =IF(R29="","",IF(R29="No Throw","Full rest — no throwing today.",IF(R29="Low",CONCATENATE(IF('Day Type Templates'!$E$10="","Mound",'Day Type Templates'!$E$10&" ft")&" — "&'Day Type Templates'!$F$10&"-"&'Day Type Templates'!$G$10&" throws"&" @ "&ROUND($B$8-'Day Type Templates'!$J$10,0)&"-"&ROUND($B$8-'Day Type Templates'!$I$10,0)&" mph"," + ",IF('Day Type Templates'!$E$11="","Mound",'Day Type Templates'!$E$11&" ft")&" — "&'Day Type Templates'!$F$11&"-"&'Day Type Templates'!$G$11&" throws"&" @ "&ROUND($B$8-'Day Type Templates'!$J$11,0)&"-"&ROUND($B$8-'Day Type Templates'!$I$11,0)&" mph"),IF(R29="Medium",CONCATENATE(IF('Day Type Templates'!$E$14="","Mound",'Day Type Templates'!$E$14&" ft")&" — "&'Day Type Templates'!$F$14&"-"&'Day Type Templates'!$G$14&" throws"&" @ "&ROUND($B$8-'Day Type Templates'!$J$14,0)&"-"&ROUND($B$8-'Day Type Templates'!$I$14,0)&" mph"," + ",IF('Day Type Templates'!$E$15="","Mound",'Day Type Templates'!$E$15&" ft")&" — "&'Day Type Templates'!$F$15&"-"&'Day Type Templates'!$G$15&" throws"&" @ "&ROUND($B$8-'Day Type Templates'!$J$15,0)&"-"&ROUND($B$8-'Day Type Templates'!$I$15,0)&" mph"),IF(R29="High Non-Bullpen",CONCATENATE(IF('Day Type Templates'!$E$18="","Mound",'Day Type Templates'!$E$18&" ft")&" — "&'Day Type Templates'!$F$18&"-"&'Day Type Templates'!$G$18&" throws"&" @ "&ROUND($B$8-'Day Type Templates'!$J$18,0)&"-"&ROUND($B$8-'Day Type Templates'!$I$18,0)&" mph"," + ",IF('Day Type Templates'!$E$19="","Mound",'Day Type Templates'!$E$19&" ft")&" — "&'Day Type Templates'!$F$19&"-"&'Day Type Templates'!$G$19&" throws"&" @ "&ROUND($B$8-'Day Type Templates'!$J$19,0)&"-"&ROUND($B$8-'Day Type Templates'!$I$19,0)&" mph"," + ",IF('Day Type Templates'!$E$20="","Mound",'Day Type Templates'!$E$20&" ft")&" — "&'Day Type Templates'!$F$20&"-"&'Day Type Templates'!$G$20&" throws"&" @ "&ROUND($B$8-'Day Type Templates'!$J$20,0)&"-"&ROUND($B$8-'Day Type Templates'!$I$20,0)&" mph"),IF(R29="High Bullpen",CONCATENATE(IF('Day Type Templates'!$E$24="","Mound",'Day Type Templates'!$E$24&" ft")&" — "&'Day Type Templates'!$F$24&"-"&'Day Type Templates'!$G$24&" throws"&" @ "&ROUND($B$8-'Day Type Templates'!$J$24,0)&"-"&ROUND($B$8-'Day Type Templates'!$I$24,0)&" mph"," + ",IF('Day Type Templates'!$E$25="","Mound",'Day Type Templates'!$E$25&" ft")&" — "&'Day Type Templates'!$F$25&"-"&'Day Type Templates'!$G$25&" throws"&" @ "&ROUND($B$8-'Day Type Templates'!$J$25,0)&"-"&ROUND($B$8-'Day Type Templates'!$I$25,0)&" mph"),IF(R29="Low Bullpen",CONCATENATE(IF('Day Type Templates'!$E$32="","Mound",'Day Type Templates'!$E$32&" ft")&" — "&'Day Type Templates'!$F$32&"-"&'Day Type Templates'!$G$32&" throws"&" @ "&ROUND($B$8-'Day Type Templates'!$J$32,0)&"-"&ROUND($B$8-'Day Type Templates'!$I$32,0)&" mph"," + ",IF('Day Type Templates'!$E$33="","Mound",'Day Type Templates'!$E$33&" ft")&" — "&'Day Type Templates'!$F$33&"-"&'Day Type Templates'!$G$33&" throws"&" @ "&ROUND($B$8-'Day Type Templates'!$J$33,0)&"-"&ROUND($B$8-'Day Type Templates'!$I$33,0)&" mph"),"Game — see Reference tab for warm-up rules"))))))) -> 90 ft — 20-30 throws @ 70-74 mph + Mound — 20-25 throws @ 79-81 mph | T29: Low Bullpen
A30: =IF($B$7+3<$B$6,$B$7+3,"") -> 46298 | B30: =IF(A30="","",TEXT(A30,"ddd")) -> Sat | C30: =IF(A30="","",$B$6-A30) -> 6 | D30: =IF(A30="","",IF(AND(T30<>"",T30<>"(none)"),T30,IF(C30<=5,IFERROR(INDEX(Reference!$B$73:$B$78,MATCH(C30,Reference!$A$73:$A$78,0)),"Low"),IFERROR(INDEX(Reference!$B$84:$B$86,MATCH(MOD(C30-6,3),Reference!$A$84:$A$86,0)),"Low")))) -> Low | E30: =IF(D30="","",IF(D30="No Throw",0,IF(D30="Low",1,IF(OR(D30="Medium",D30="Low Bullpen"),2,IF(OR(D30="High Non-Bullpen",D30="High Bullpen"),3,4))))) -> 1 | F30: =IF(A30="","",A30-1) -> 46297 | G30: =IF(F30="","",$B$6-F30) -> 7 | H30: =IF(F30="","",R29) -> Low Bullpen | I30: =IF(H30="","",IFERROR(INDEX('Day Type Templates'!$B$55:$B$60,MATCH(H30,'Day Type Templates'!$A$55:$A$60,0)),"")) -> 76.05 | J30: =IF(F30="","",SUMIFS('Throw Log'!$Q$5:$Q$300,'Throw Log'!$B$5:$B$300,$B$4,'Throw Log'!$A$5:$A$300,F30)) -> 0 | K30: =IF(OR(I30="",I30=0,J30="",J30=0),1,J30/I30) -> 1 | L30: =IF(K30>1.2,-1,IF(K30<0.8,1,0)) -> 0 | M30: =IF(A30="","",IF(R29="","",IF(IF(R29="No Throw",0,IF(R29="Low",1,IF(OR(R29="Medium",R29="Low Bullpen"),2,IF(OR(R29="High Non-Bullpen",R29="High Bullpen"),3,4))))=IF(IF(C29<=5,IFERROR(INDEX(Reference!$B$73:$B$78,MATCH(C29,Reference!$A$73:$A$78,0)),"Low"),IFERROR(INDEX(Reference!$B$84:$B$86,MATCH(MOD(C29-6,3),Reference!$A$84:$A$86,0)),"Low"))="No Throw",0,IF(IF(C29<=5,IFERROR(INDEX(Reference!$B$73:$B$78,MATCH(C29,Reference!$A$73:$A$78,0)),"Low"),IFERROR(INDEX(Reference!$B$84:$B$86,MATCH(MOD(C29-6,3),Reference!$A$84:$A$86,0)),"Low"))="Low",1,IF(IF(C29<=5,IFERROR(INDEX(Reference!$B$73:$B$78,MATCH(C29,Reference!$A$73:$A$78,0)),"Low"),IFERROR(INDEX(Reference!$B$84:$B$86,MATCH(MOD(C29-6,3),Reference!$A$84:$A$86,0)),"Low"))="Medium",2,IF(OR(IF(C29<=5,IFERROR(INDEX(Reference!$B$73:$B$78,MATCH(C29,Reference!$A$73:$A$78,0)),"Low"),IFERROR(INDEX(Reference!$B$84:$B$86,MATCH(MOD(C29-6,3),Reference!$A$84:$A$86,0)),"Low"))="High Non-Bullpen",IF(C29<=5,IFERROR(INDEX(Reference!$B$73:$B$78,MATCH(C29,Reference!$A$73:$A$78,0)),"Low"),IFERROR(INDEX(Reference!$B$84:$B$86,MATCH(MOD(C29-6,3),Reference!$A$84:$A$86,0)),"Low"))="High Bullpen"),3,4)))),0,IF(IF(R29="No Throw",0,IF(R29="Low",1,IF(R29="Medium",2,IF(OR(R29="High Non-Bullpen",R29="High Bullpen"),3,4))))>IF(IF(C29<=5,IFERROR(INDEX(Reference!$B$73:$B$78,MATCH(C29,Reference!$A$73:$A$78,0)),"Low"),IFERROR(INDEX(Reference!$B$84:$B$86,MATCH(MOD(C29-6,3),Reference!$A$84:$A$86,0)),"Low"))="No Throw",0,IF(IF(C29<=5,IFERROR(INDEX(Reference!$B$73:$B$78,MATCH(C29,Reference!$A$73:$A$78,0)),"Low"),IFERROR(INDEX(Reference!$B$84:$B$86,MATCH(MOD(C29-6,3),Reference!$A$84:$A$86,0)),"Low"))="Low",1,IF(IF(C29<=5,IFERROR(INDEX(Reference!$B$73:$B$78,MATCH(C29,Reference!$A$73:$A$78,0)),"Low"),IFERROR(INDEX(Reference!$B$84:$B$86,MATCH(MOD(C29-6,3),Reference!$A$84:$A$86,0)),"Low"))="Medium",2,IF(OR(IF(C29<=5,IFERROR(INDEX(Reference!$B$73:$B$78,MATCH(C29,Reference!$A$73:$A$78,0)),"Low"),IFERROR(INDEX(Reference!$B$84:$B$86,MATCH(MOD(C29-6,3),Reference!$A$84:$A$86,0)),"Low"))="High Non-Bullpen",IF(C29<=5,IFERROR(INDEX(Reference!$B$73:$B$78,MATCH(C29,Reference!$A$73:$A$78,0)),"Low"),IFERROR(INDEX(Reference!$B$84:$B$86,MATCH(MOD(C29-6,3),Reference!$A$84:$A$86,0)),"Low"))="High Bullpen"),3,4)))),-1,1)))) -> -1 | N30: =$B$16 -> 0 | O30: =IF(A30="","",IF(M30<>0,M30,MIN(L30,N30))) -> -1 | P30: =IF(C30=1,MIN(O30,0),O30) -> -1 | Q30: =IF(A30="","",MIN(3,MAX(1,E30+P30))) -> 1 | R30: =IF(A30="","",IF(AND(T30<>"",T30<>"(none)"),T30,IF(Q30="","",IF(Q30=E30,D30,IF(Q30=1,"Low",IF(Q30=2,"Medium","High Non-Bullpen")))))) -> Low | S30: =IF(R30="","",IF(R30="No Throw","Full rest — no throwing today.",IF(R30="Low",CONCATENATE(IF('Day Type Templates'!$E$10="","Mound",'Day Type Templates'!$E$10&" ft")&" — "&'Day Type Templates'!$F$10&"-"&'Day Type Templates'!$G$10&" throws"&" @ "&ROUND($B$8-'Day Type Templates'!$J$10,0)&"-"&ROUND($B$8-'Day Type Templates'!$I$10,0)&" mph"," + ",IF('Day Type Templates'!$E$11="","Mound",'Day Type Templates'!$E$11&" ft")&" — "&'Day Type Templates'!$F$11&"-"&'Day Type Templates'!$G$11&" throws"&" @ "&ROUND($B$8-'Day Type Templates'!$J$11,0)&"-"&ROUND($B$8-'Day Type Templates'!$I$11,0)&" mph"),IF(R30="Medium",CONCATENATE(IF('Day Type Templates'!$E$14="","Mound",'Day Type Templates'!$E$14&" ft")&" — "&'Day Type Templates'!$F$14&"-"&'Day Type Templates'!$G$14&" throws"&" @ "&ROUND($B$8-'Day Type Templates'!$J$14,0)&"-"&ROUND($B$8-'Day Type Templates'!$I$14,0)&" mph"," + ",IF('Day Type Templates'!$E$15="","Mound",'Day Type Templates'!$E$15&" ft")&" — "&'Day Type Templates'!$F$15&"-"&'Day Type Templates'!$G$15&" throws"&" @ "&ROUND($B$8-'Day Type Templates'!$J$15,0)&"-"&ROUND($B$8-'Day Type Templates'!$I$15,0)&" mph"),IF(R30="High Non-Bullpen",CONCATENATE(IF('Day Type Templates'!$E$18="","Mound",'Day Type Templates'!$E$18&" ft")&" — "&'Day Type Templates'!$F$18&"-"&'Day Type Templates'!$G$18&" throws"&" @ "&ROUND($B$8-'Day Type Templates'!$J$18,0)&"-"&ROUND($B$8-'Day Type Templates'!$I$18,0)&" mph"," + ",IF('Day Type Templates'!$E$19="","Mound",'Day Type Templates'!$E$19&" ft")&" — "&'Day Type Templates'!$F$19&"-"&'Day Type Templates'!$G$19&" throws"&" @ "&ROUND($B$8-'Day Type Templates'!$J$19,0)&"-"&ROUND($B$8-'Day Type Templates'!$I$19,0)&" mph"," + ",IF('Day Type Templates'!$E$20="","Mound",'Day Type Templates'!$E$20&" ft")&" — "&'Day Type Templates'!$F$20&"-"&'Day Type Templates'!$G$20&" throws"&" @ "&ROUND($B$8-'Day Type Templates'!$J$20,0)&"-"&ROUND($B$8-'Day Type Templates'!$I$20,0)&" mph"),IF(R30="High Bullpen",CONCATENATE(IF('Day Type Templates'!$E$24="","Mound",'Day Type Templates'!$E$24&" ft")&" — "&'Day Type Templates'!$F$24&"-"&'Day Type Templates'!$G$24&" throws"&" @ "&ROUND($B$8-'Day Type Templates'!$J$24,0)&"-"&ROUND($B$8-'Day Type Templates'!$I$24,0)&" mph"," + ",IF('Day Type Templates'!$E$25="","Mound",'Day Type Templates'!$E$25&" ft")&" — "&'Day Type Templates'!$F$25&"-"&'Day Type Templates'!$G$25&" throws"&" @ "&ROUND($B$8-'Day Type Templates'!$J$25,0)&"-"&ROUND($B$8-'Day Type Templates'!$I$25,0)&" mph"),IF(R30="Low Bullpen",CONCATENATE(IF('Day Type Templates'!$E$32="","Mound",'Day Type Templates'!$E$32&" ft")&" — "&'Day Type Templates'!$F$32&"-"&'Day Type Templates'!$G$32&" throws"&" @ "&ROUND($B$8-'Day Type Templates'!$J$32,0)&"-"&ROUND($B$8-'Day Type Templates'!$I$32,0)&" mph"," + ",IF('Day Type Templates'!$E$33="","Mound",'Day Type Templates'!$E$33&" ft")&" — "&'Day Type Templates'!$F$33&"-"&'Day Type Templates'!$G$33&" throws"&" @ "&ROUND($B$8-'Day Type Templates'!$J$33,0)&"-"&ROUND($B$8-'Day Type Templates'!$I$33,0)&" mph"),"Game — see Reference tab for warm-up rules"))))))) -> 90 ft — 45-55 throws @ 70-74 mph + 60 ft — 15-25 throws @ 74-76 mph | T30: Low
A31: =IF($B$7+4<$B$6,$B$7+4,"") -> 46299 | B31: =IF(A31="","",TEXT(A31,"ddd")) -> Sun | C31: =IF(A31="","",$B$6-A31) -> 5 | D31: =IF(A31="","",IF(AND(T31<>"",T31<>"(none)"),T31,IF(C31<=5,IFERROR(INDEX(Reference!$B$73:$B$78,MATCH(C31,Reference!$A$73:$A$78,0)),"Low"),IFERROR(INDEX(Reference!$B$84:$B$86,MATCH(MOD(C31-6,3),Reference!$A$84:$A$86,0)),"Low")))) -> No Throw | E31: =IF(D31="","",IF(D31="No Throw",0,IF(D31="Low",1,IF(OR(D31="Medium",D31="Low Bullpen"),2,IF(OR(D31="High Non-Bullpen",D31="High Bullpen"),3,4))))) -> 0 | F31: =IF(A31="","",A31-1) -> 46298 | G31: =IF(F31="","",$B$6-F31) -> 6 | H31: =IF(F31="","",R30) -> Low | I31: =IF(H31="","",IFERROR(INDEX('Day Type Templates'!$B$55:$B$60,MATCH(H31,'Day Type Templates'!$A$55:$A$60,0)),"")) -> 46.35 | J31: =IF(F31="","",SUMIFS('Throw Log'!$Q$5:$Q$300,'Throw Log'!$B$5:$B$300,$B$4,'Throw Log'!$A$5:$A$300,F31)) -> 0 | K31: =IF(OR(I31="",I31=0,J31="",J31=0),1,J31/I31) -> 1 | L31: =IF(K31>1.2,-1,IF(K31<0.8,1,0)) -> 0 | M31: =IF(A31="","",IF(R30="","",IF(IF(R30="No Throw",0,IF(R30="Low",1,IF(OR(R30="Medium",R30="Low Bullpen"),2,IF(OR(R30="High Non-Bullpen",R30="High Bullpen"),3,4))))=IF(IF(C30<=5,IFERROR(INDEX(Reference!$B$73:$B$78,MATCH(C30,Reference!$A$73:$A$78,0)),"Low"),IFERROR(INDEX(Reference!$B$84:$B$86,MATCH(MOD(C30-6,3),Reference!$A$84:$A$86,0)),"Low"))="No Throw",0,IF(IF(C30<=5,IFERROR(INDEX(Reference!$B$73:$B$78,MATCH(C30,Reference!$A$73:$A$78,0)),"Low"),IFERROR(INDEX(Reference!$B$84:$B$86,MATCH(MOD(C30-6,3),Reference!$A$84:$A$86,0)),"Low"))="Low",1,IF(IF(C30<=5,IFERROR(INDEX(Reference!$B$73:$B$78,MATCH(C30,Reference!$A$73:$A$78,0)),"Low"),IFERROR(INDEX(Reference!$B$84:$B$86,MATCH(MOD(C30-6,3),Reference!$A$84:$A$86,0)),"Low"))="Medium",2,IF(OR(IF(C30<=5,IFERROR(INDEX(Reference!$B$73:$B$78,MATCH(C30,Reference!$A$73:$A$78,0)),"Low"),IFERROR(INDEX(Reference!$B$84:$B$86,MATCH(MOD(C30-6,3),Reference!$A$84:$A$86,0)),"Low"))="High Non-Bullpen",IF(C30<=5,IFERROR(INDEX(Reference!$B$73:$B$78,MATCH(C30,Reference!$A$73:$A$78,0)),"Low"),IFERROR(INDEX(Reference!$B$84:$B$86,MATCH(MOD(C30-6,3),Reference!$A$84:$A$86,0)),"Low"))="High Bullpen"),3,4)))),0,IF(IF(R30="No Throw",0,IF(R30="Low",1,IF(R30="Medium",2,IF(OR(R30="High Non-Bullpen",R30="High Bullpen"),3,4))))>IF(IF(C30<=5,IFERROR(INDEX(Reference!$B$73:$B$78,MATCH(C30,Reference!$A$73:$A$78,0)),"Low"),IFERROR(INDEX(Reference!$B$84:$B$86,MATCH(MOD(C30-6,3),Reference!$A$84:$A$86,0)),"Low"))="No Throw",0,IF(IF(C30<=5,IFERROR(INDEX(Reference!$B$73:$B$78,MATCH(C30,Reference!$A$73:$A$78,0)),"Low"),IFERROR(INDEX(Reference!$B$84:$B$86,MATCH(MOD(C30-6,3),Reference!$A$84:$A$86,0)),"Low"))="Low",1,IF(IF(C30<=5,IFERROR(INDEX(Reference!$B$73:$B$78,MATCH(C30,Reference!$A$73:$A$78,0)),"Low"),IFERROR(INDEX(Reference!$B$84:$B$86,MATCH(MOD(C30-6,3),Reference!$A$84:$A$86,0)),"Low"))="Medium",2,IF(OR(IF(C30<=5,IFERROR(INDEX(Reference!$B$73:$B$78,MATCH(C30,Reference!$A$73:$A$78,0)),"Low"),IFERROR(INDEX(Reference!$B$84:$B$86,MATCH(MOD(C30-6,3),Reference!$A$84:$A$86,0)),"Low"))="High Non-Bullpen",IF(C30<=5,IFERROR(INDEX(Reference!$B$73:$B$78,MATCH(C30,Reference!$A$73:$A$78,0)),"Low"),IFERROR(INDEX(Reference!$B$84:$B$86,MATCH(MOD(C30-6,3),Reference!$A$84:$A$86,0)),"Low"))="High Bullpen"),3,4)))),-1,1)))) -> 1 | N31: =$B$16 -> 0 | O31: =IF(A31="","",IF(M31<>0,M31,MIN(L31,N31))) -> 1 | P31: =IF(C31=1,MIN(O31,0),O31) -> 1 | Q31: =IF(A31="","",MIN(3,MAX(1,E31+P31))) -> 1 | R31: =IF(A31="","",IF(AND(T31<>"",T31<>"(none)"),T31,IF(Q31="","",IF(Q31=E31,D31,IF(Q31=1,"Low",IF(Q31=2,"Medium","High Non-Bullpen")))))) -> No Throw | S31: =IF(R31="","",IF(R31="No Throw","Full rest — no throwing today.",IF(R31="Low",CONCATENATE(IF('Day Type Templates'!$E$10="","Mound",'Day Type Templates'!$E$10&" ft")&" — "&'Day Type Templates'!$F$10&"-"&'Day Type Templates'!$G$10&" throws"&" @ "&ROUND($B$8-'Day Type Templates'!$J$10,0)&"-"&ROUND($B$8-'Day Type Templates'!$I$10,0)&" mph"," + ",IF('Day Type Templates'!$E$11="","Mound",'Day Type Templates'!$E$11&" ft")&" — "&'Day Type Templates'!$F$11&"-"&'Day Type Templates'!$G$11&" throws"&" @ "&ROUND($B$8-'Day Type Templates'!$J$11,0)&"-"&ROUND($B$8-'Day Type Templates'!$I$11,0)&" mph"),IF(R31="Medium",CONCATENATE(IF('Day Type Templates'!$E$14="","Mound",'Day Type Templates'!$E$14&" ft")&" — "&'Day Type Templates'!$F$14&"-"&'Day Type Templates'!$G$14&" throws"&" @ "&ROUND($B$8-'Day Type Templates'!$J$14,0)&"-"&ROUND($B$8-'Day Type Templates'!$I$14,0)&" mph"," + ",IF('Day Type Templates'!$E$15="","Mound",'Day Type Templates'!$E$15&" ft")&" — "&'Day Type Templates'!$F$15&"-"&'Day Type Templates'!$G$15&" throws"&" @ "&ROUND($B$8-'Day Type Templates'!$J$15,0)&"-"&ROUND($B$8-'Day Type Templates'!$I$15,0)&" mph"),IF(R31="High Non-Bullpen",CONCATENATE(IF('Day Type Templates'!$E$18="","Mound",'Day Type Templates'!$E$18&" ft")&" — "&'Day Type Templates'!$F$18&"-"&'Day Type Templates'!$G$18&" throws"&" @ "&ROUND($B$8-'Day Type Templates'!$J$18,0)&"-"&ROUND($B$8-'Day Type Templates'!$I$18,0)&" mph"," + ",IF('Day Type Templates'!$E$19="","Mound",'Day Type Templates'!$E$19&" ft")&" — "&'Day Type Templates'!$F$19&"-"&'Day Type Templates'!$G$19&" throws"&" @ "&ROUND($B$8-'Day Type Templates'!$J$19,0)&"-"&ROUND($B$8-'Day Type Templates'!$I$19,0)&" mph"," + ",IF('Day Type Templates'!$E$20="","Mound",'Day Type Templates'!$E$20&" ft")&" — "&'Day Type Templates'!$F$20&"-"&'Day Type Templates'!$G$20&" throws"&" @ "&ROUND($B$8-'Day Type Templates'!$J$20,0)&"-"&ROUND($B$8-'Day Type Templates'!$I$20,0)&" mph"),IF(R31="High Bullpen",CONCATENATE(IF('Day Type Templates'!$E$24="","Mound",'Day Type Templates'!$E$24&" ft")&" — "&'Day Type Templates'!$F$24&"-"&'Day Type Templates'!$G$24&" throws"&" @ "&ROUND($B$8-'Day Type Templates'!$J$24,0)&"-"&ROUND($B$8-'Day Type Templates'!$I$24,0)&" mph"," + ",IF('Day Type Templates'!$E$25="","Mound",'Day Type Templates'!$E$25&" ft")&" — "&'Day Type Templates'!$F$25&"-"&'Day Type Templates'!$G$25&" throws"&" @ "&ROUND($B$8-'Day Type Templates'!$J$25,0)&"-"&ROUND($B$8-'Day Type Templates'!$I$25,0)&" mph"),IF(R31="Low Bullpen",CONCATENATE(IF('Day Type Templates'!$E$32="","Mound",'Day Type Templates'!$E$32&" ft")&" — "&'Day Type Templates'!$F$32&"-"&'Day Type Templates'!$G$32&" throws"&" @ "&ROUND($B$8-'Day Type Templates'!$J$32,0)&"-"&ROUND($B$8-'Day Type Templates'!$I$32,0)&" mph"," + ",IF('Day Type Templates'!$E$33="","Mound",'Day Type Templates'!$E$33&" ft")&" — "&'Day Type Templates'!$F$33&"-"&'Day Type Templates'!$G$33&" throws"&" @ "&ROUND($B$8-'Day Type Templates'!$J$33,0)&"-"&ROUND($B$8-'Day Type Templates'!$I$33,0)&" mph"),"Game — see Reference tab for warm-up rules"))))))) -> Full rest — no throwing today. | T31: No Throw
A32: =IF($B$7+5<$B$6,$B$7+5,"") -> 46300 | B32: =IF(A32="","",TEXT(A32,"ddd")) -> Mon | C32: =IF(A32="","",$B$6-A32) -> 4 | D32: =IF(A32="","",IF(AND(T32<>"",T32<>"(none)"),T32,IF(C32<=5,IFERROR(INDEX(Reference!$B$73:$B$78,MATCH(C32,Reference!$A$73:$A$78,0)),"Low"),IFERROR(INDEX(Reference!$B$84:$B$86,MATCH(MOD(C32-6,3),Reference!$A$84:$A$86,0)),"Low")))) -> Medium | E32: =IF(D32="","",IF(D32="No Throw",0,IF(D32="Low",1,IF(OR(D32="Medium",D32="Low Bullpen"),2,IF(OR(D32="High Non-Bullpen",D32="High Bullpen"),3,4))))) -> 2 | F32: =IF(A32="","",A32-1) -> 46299 | G32: =IF(F32="","",$B$6-F32) -> 5 | H32: =IF(F32="","",R31) -> No Throw | I32: =IF(H32="","",IFERROR(INDEX('Day Type Templates'!$B$55:$B$60,MATCH(H32,'Day Type Templates'!$A$55:$A$60,0)),"")) | J32: =IF(F32="","",SUMIFS('Throw Log'!$Q$5:$Q$300,'Throw Log'!$B$5:$B$300,$B$4,'Throw Log'!$A$5:$A$300,F32)) -> 0 | K32: =IF(OR(I32="",I32=0,J32="",J32=0),1,J32/I32) -> 1 | L32: =IF(K32>1.2,-1,IF(K32<0.8,1,0)) -> 0 | M32: =IF(A32="","",IF(R31="","",IF(IF(R31="No Throw",0,IF(R31="Low",1,IF(OR(R31="Medium",R31="Low Bullpen"),2,IF(OR(R31="High Non-Bullpen",R31="High Bullpen"),3,4))))=IF(IF(C31<=5,IFERROR(INDEX(Reference!$B$73:$B$78,MATCH(C31,Reference!$A$73:$A$78,0)),"Low"),IFERROR(INDEX(Reference!$B$84:$B$86,MATCH(MOD(C31-6,3),Reference!$A$84:$A$86,0)),"Low"))="No Throw",0,IF(IF(C31<=5,IFERROR(INDEX(Reference!$B$73:$B$78,MATCH(C31,Reference!$A$73:$A$78,0)),"Low"),IFERROR(INDEX(Reference!$B$84:$B$86,MATCH(MOD(C31-6,3),Reference!$A$84:$A$86,0)),"Low"))="Low",1,IF(IF(C31<=5,IFERROR(INDEX(Reference!$B$73:$B$78,MATCH(C31,Reference!$A$73:$A$78,0)),"Low"),IFERROR(INDEX(Reference!$B$84:$B$86,MATCH(MOD(C31-6,3),Reference!$A$84:$A$86,0)),"Low"))="Medium",2,IF(OR(IF(C31<=5,IFERROR(INDEX(Reference!$B$73:$B$78,MATCH(C31,Reference!$A$73:$A$78,0)),"Low"),IFERROR(INDEX(Reference!$B$84:$B$86,MATCH(MOD(C31-6,3),Reference!$A$84:$A$86,0)),"Low"))="High Non-Bullpen",IF(C31<=5,IFERROR(INDEX(Reference!$B$73:$B$78,MATCH(C31,Reference!$A$73:$A$78,0)),"Low"),IFERROR(INDEX(Reference!$B$84:$B$86,MATCH(MOD(C31-6,3),Reference!$A$84:$A$86,0)),"Low"))="High Bullpen"),3,4)))),0,IF(IF(R31="No Throw",0,IF(R31="Low",1,IF(R31="Medium",2,IF(OR(R31="High Non-Bullpen",R31="High Bullpen"),3,4))))>IF(IF(C31<=5,IFERROR(INDEX(Reference!$B$73:$B$78,MATCH(C31,Reference!$A$73:$A$78,0)),"Low"),IFERROR(INDEX(Reference!$B$84:$B$86,MATCH(MOD(C31-6,3),Reference!$A$84:$A$86,0)),"Low"))="No Throw",0,IF(IF(C31<=5,IFERROR(INDEX(Reference!$B$73:$B$78,MATCH(C31,Reference!$A$73:$A$78,0)),"Low"),IFERROR(INDEX(Reference!$B$84:$B$86,MATCH(MOD(C31-6,3),Reference!$A$84:$A$86,0)),"Low"))="Low",1,IF(IF(C31<=5,IFERROR(INDEX(Reference!$B$73:$B$78,MATCH(C31,Reference!$A$73:$A$78,0)),"Low"),IFERROR(INDEX(Reference!$B$84:$B$86,MATCH(MOD(C31-6,3),Reference!$A$84:$A$86,0)),"Low"))="Medium",2,IF(OR(IF(C31<=5,IFERROR(INDEX(Reference!$B$73:$B$78,MATCH(C31,Reference!$A$73:$A$78,0)),"Low"),IFERROR(INDEX(Reference!$B$84:$B$86,MATCH(MOD(C31-6,3),Reference!$A$84:$A$86,0)),"Low"))="High Non-Bullpen",IF(C31<=5,IFERROR(INDEX(Reference!$B$73:$B$78,MATCH(C31,Reference!$A$73:$A$78,0)),"Low"),IFERROR(INDEX(Reference!$B$84:$B$86,MATCH(MOD(C31-6,3),Reference!$A$84:$A$86,0)),"Low"))="High Bullpen"),3,4)))),-1,1)))) -> 1 | N32: =$B$16 -> 0 | O32: =IF(A32="","",IF(M32<>0,M32,MIN(L32,N32))) -> 1 | P32: =IF(C32=1,MIN(O32,0),O32) -> 1 | Q32: =IF(A32="","",MIN(3,MAX(1,E32+P32))) -> 3 | R32: =IF(A32="","",IF(AND(T32<>"",T32<>"(none)"),T32,IF(Q32="","",IF(Q32=E32,D32,IF(Q32=1,"Low",IF(Q32=2,"Medium","High Non-Bullpen")))))) -> High Non-Bullpen | S32: =IF(R32="","",IF(R32="No Throw","Full rest — no throwing today.",IF(R32="Low",CONCATENATE(IF('Day Type Templates'!$E$10="","Mound",'Day Type Templates'!$E$10&" ft")&" — "&'Day Type Templates'!$F$10&"-"&'Day Type Templates'!$G$10&" throws"&" @ "&ROUND($B$8-'Day Type Templates'!$J$10,0)&"-"&ROUND($B$8-'Day Type Templates'!$I$10,0)&" mph"," + ",IF('Day Type Templates'!$E$11="","Mound",'Day Type Templates'!$E$11&" ft")&" — "&'Day Type Templates'!$F$11&"-"&'Day Type Templates'!$G$11&" throws"&" @ "&ROUND($B$8-'Day Type Templates'!$J$11,0)&"-"&ROUND($B$8-'Day Type Templates'!$I$11,0)&" mph"),IF(R32="Medium",CONCATENATE(IF('Day Type Templates'!$E$14="","Mound",'Day Type Templates'!$E$14&" ft")&" — "&'Day Type Templates'!$F$14&"-"&'Day Type Templates'!$G$14&" throws"&" @ "&ROUND($B$8-'Day Type Templates'!$J$14,0)&"-"&ROUND($B$8-'Day Type Templates'!$I$14,0)&" mph"," + ",IF('Day Type Templates'!$E$15="","Mound",'Day Type Templates'!$E$15&" ft")&" — "&'Day Type Templates'!$F$15&"-"&'Day Type Templates'!$G$15&" throws"&" @ "&ROUND($B$8-'Day Type Templates'!$J$15,0)&"-"&ROUND($B$8-'Day Type Templates'!$I$15,0)&" mph"),IF(R32="High Non-Bullpen",CONCATENATE(IF('Day Type Templates'!$E$18="","Mound",'Day Type Templates'!$E$18&" ft")&" — "&'Day Type Templates'!$F$18&"-"&'Day Type Templates'!$G$18&" throws"&" @ "&ROUND($B$8-'Day Type Templates'!$J$18,0)&"-"&ROUND($B$8-'Day Type Templates'!$I$18,0)&" mph"," + ",IF('Day Type Templates'!$E$19="","Mound",'Day Type Templates'!$E$19&" ft")&" — "&'Day Type Templates'!$F$19&"-"&'Day Type Templates'!$G$19&" throws"&" @ "&ROUND($B$8-'Day Type Templates'!$J$19,0)&"-"&ROUND($B$8-'Day Type Templates'!$I$19,0)&" mph"," + ",IF('Day Type Templates'!$E$20="","Mound",'Day Type Templates'!$E$20&" ft")&" — "&'Day Type Templates'!$F$20&"-"&'Day Type Templates'!$G$20&" throws"&" @ "&ROUND($B$8-'Day Type Templates'!$J$20,0)&"-"&ROUND($B$8-'Day Type Templates'!$I$20,0)&" mph"),IF(R32="High Bullpen",CONCATENATE(IF('Day Type Templates'!$E$24="","Mound",'Day Type Templates'!$E$24&" ft")&" — "&'Day Type Templates'!$F$24&"-"&'Day Type Templates'!$G$24&" throws"&" @ "&ROUND($B$8-'Day Type Templates'!$J$24,0)&"-"&ROUND($B$8-'Day Type Templates'!$I$24,0)&" mph"," + ",IF('Day Type Templates'!$E$25="","Mound",'Day Type Templates'!$E$25&" ft")&" — "&'Day Type Templates'!$F$25&"-"&'Day Type Templates'!$G$25&" throws"&" @ "&ROUND($B$8-'Day Type Templates'!$J$25,0)&"-"&ROUND($B$8-'Day Type Templates'!$I$25,0)&" mph"),IF(R32="Low Bullpen",CONCATENATE(IF('Day Type Templates'!$E$32="","Mound",'Day Type Templates'!$E$32&" ft")&" — "&'Day Type Templates'!$F$32&"-"&'Day Type Templates'!$G$32&" throws"&" @ "&ROUND($B$8-'Day Type Templates'!$J$32,0)&"-"&ROUND($B$8-'Day Type Templates'!$I$32,0)&" mph"," + ",IF('Day Type Templates'!$E$33="","Mound",'Day Type Templates'!$E$33&" ft")&" — "&'Day Type Templates'!$F$33&"-"&'Day Type Templates'!$G$33&" throws"&" @ "&ROUND($B$8-'Day Type Templates'!$J$33,0)&"-"&ROUND($B$8-'Day Type Templates'!$I$33,0)&" mph"),"Game — see Reference tab for warm-up rules"))))))) -> 150 ft — 30-40 throws @ 79-81 mph + 120 ft — 20-30 throws @ 85-88 mph + 60 ft — 15-20 throws @ 82-84 mph
A33: =IF($B$7+6<$B$6,$B$7+6,"") -> 46301 | B33: =IF(A33="","",TEXT(A33,"ddd")) -> Tue | C33: =IF(A33="","",$B$6-A33) -> 3 | D33: =IF(A33="","",IF(AND(T33<>"",T33<>"(none)"),T33,IF(C33<=5,IFERROR(INDEX(Reference!$B$73:$B$78,MATCH(C33,Reference!$A$73:$A$78,0)),"Low"),IFERROR(INDEX(Reference!$B$84:$B$86,MATCH(MOD(C33-6,3),Reference!$A$84:$A$86,0)),"Low")))) -> High Bullpen | E33: =IF(D33="","",IF(D33="No Throw",0,IF(D33="Low",1,IF(OR(D33="Medium",D33="Low Bullpen"),2,IF(OR(D33="High Non-Bullpen",D33="High Bullpen"),3,4))))) -> 3 | F33: =IF(A33="","",A33-1) -> 46300 | G33: =IF(F33="","",$B$6-F33) -> 4 | H33: =IF(F33="","",R32) -> High Non-Bullpen | I33: =IF(H33="","",IFERROR(INDEX('Day Type Templates'!$B$55:$B$60,MATCH(H33,'Day Type Templates'!$A$55:$A$60,0)),"")) -> 193 | J33: =IF(F33="","",SUMIFS('Throw Log'!$Q$5:$Q$300,'Throw Log'!$B$5:$B$300,$B$4,'Throw Log'!$A$5:$A$300,F33)) -> 0 | K33: =IF(OR(I33="",I33=0,J33="",J33=0),1,J33/I33) -> 1 | L33: =IF(K33>1.2,-1,IF(K33<0.8,1,0)) -> 0 | M33: =IF(A33="","",IF(R32="","",IF(IF(R32="No Throw",0,IF(R32="Low",1,IF(OR(R32="Medium",R32="Low Bullpen"),2,IF(OR(R32="High Non-Bullpen",R32="High Bullpen"),3,4))))=IF(IF(C32<=5,IFERROR(INDEX(Reference!$B$73:$B$78,MATCH(C32,Reference!$A$73:$A$78,0)),"Low"),IFERROR(INDEX(Reference!$B$84:$B$86,MATCH(MOD(C32-6,3),Reference!$A$84:$A$86,0)),"Low"))="No Throw",0,IF(IF(C32<=5,IFERROR(INDEX(Reference!$B$73:$B$78,MATCH(C32,Reference!$A$73:$A$78,0)),"Low"),IFERROR(INDEX(Reference!$B$84:$B$86,MATCH(MOD(C32-6,3),Reference!$A$84:$A$86,0)),"Low"))="Low",1,IF(IF(C32<=5,IFERROR(INDEX(Reference!$B$73:$B$78,MATCH(C32,Reference!$A$73:$A$78,0)),"Low"),IFERROR(INDEX(Reference!$B$84:$B$86,MATCH(MOD(C32-6,3),Reference!$A$84:$A$86,0)),"Low"))="Medium",2,IF(OR(IF(C32<=5,IFERROR(INDEX(Reference!$B$73:$B$78,MATCH(C32,Reference!$A$73:$A$78,0)),"Low"),IFERROR(INDEX(Reference!$B$84:$B$86,MATCH(MOD(C32-6,3),Reference!$A$84:$A$86,0)),"Low"))="High Non-Bullpen",IF(C32<=5,IFERROR(INDEX(Reference!$B$73:$B$78,MATCH(C32,Reference!$A$73:$A$78,0)),"Low"),IFERROR(INDEX(Reference!$B$84:$B$86,MATCH(MOD(C32-6,3),Reference!$A$84:$A$86,0)),"Low"))="High Bullpen"),3,4)))),0,IF(IF(R32="No Throw",0,IF(R32="Low",1,IF(R32="Medium",2,IF(OR(R32="High Non-Bullpen",R32="High Bullpen"),3,4))))>IF(IF(C32<=5,IFERROR(INDEX(Reference!$B$73:$B$78,MATCH(C32,Reference!$A$73:$A$78,0)),"Low"),IFERROR(INDEX(Reference!$B$84:$B$86,MATCH(MOD(C32-6,3),Reference!$A$84:$A$86,0)),"Low"))="No Throw",0,IF(IF(C32<=5,IFERROR(INDEX(Reference!$B$73:$B$78,MATCH(C32,Reference!$A$73:$A$78,0)),"Low"),IFERROR(INDEX(Reference!$B$84:$B$86,MATCH(MOD(C32-6,3),Reference!$A$84:$A$86,0)),"Low"))="Low",1,IF(IF(C32<=5,IFERROR(INDEX(Reference!$B$73:$B$78,MATCH(C32,Reference!$A$73:$A$78,0)),"Low"),IFERROR(INDEX(Reference!$B$84:$B$86,MATCH(MOD(C32-6,3),Reference!$A$84:$A$86,0)),"Low"))="Medium",2,IF(OR(IF(C32<=5,IFERROR(INDEX(Reference!$B$73:$B$78,MATCH(C32,Reference!$A$73:$A$78,0)),"Low"),IFERROR(INDEX(Reference!$B$84:$B$86,MATCH(MOD(C32-6,3),Reference!$A$84:$A$86,0)),"Low"))="High Non-Bullpen",IF(C32<=5,IFERROR(INDEX(Reference!$B$73:$B$78,MATCH(C32,Reference!$A$73:$A$78,0)),"Low"),IFERROR(INDEX(Reference!$B$84:$B$86,MATCH(MOD(C32-6,3),Reference!$A$84:$A$86,0)),"Low"))="High Bullpen"),3,4)))),-1,1)))) -> -1 | N33: =$B$16 -> 0 | O33: =IF(A33="","",IF(M33<>0,M33,MIN(L33,N33))) -> -1 | P33: =IF(C33=1,MIN(O33,0),O33) -> -1 | Q33: =IF(A33="","",MIN(3,MAX(1,E33+P33))) -> 2 | R33: =IF(A33="","",IF(AND(T33<>"",T33<>"(none)"),T33,IF(Q33="","",IF(Q33=E33,D33,IF(Q33=1,"Low",IF(Q33=2,"Medium","High Non-Bullpen")))))) -> Medium | S33: =IF(R33="","",IF(R33="No Throw","Full rest — no throwing today.",IF(R33="Low",CONCATENATE(IF('Day Type Templates'!$E$10="","Mound",'Day Type Templates'!$E$10&" ft")&" — "&'Day Type Templates'!$F$10&"-"&'Day Type Templates'!$G$10&" throws"&" @ "&ROUND($B$8-'Day Type Templates'!$J$10,0)&"-"&ROUND($B$8-'Day Type Templates'!$I$10,0)&" mph"," + ",IF('Day Type Templates'!$E$11="","Mound",'Day Type Templates'!$E$11&" ft")&" — "&'Day Type Templates'!$F$11&"-"&'Day Type Templates'!$G$11&" throws"&" @ "&ROUND($B$8-'Day Type Templates'!$J$11,0)&"-"&ROUND($B$8-'Day Type Templates'!$I$11,0)&" mph"),IF(R33="Medium",CONCATENATE(IF('Day Type Templates'!$E$14="","Mound",'Day Type Templates'!$E$14&" ft")&" — "&'Day Type Templates'!$F$14&"-"&'Day Type Templates'!$G$14&" throws"&" @ "&ROUND($B$8-'Day Type Templates'!$J$14,0)&"-"&ROUND($B$8-'Day Type Templates'!$I$14,0)&" mph"," + ",IF('Day Type Templates'!$E$15="","Mound",'Day Type Templates'!$E$15&" ft")&" — "&'Day Type Templates'!$F$15&"-"&'Day Type Templates'!$G$15&" throws"&" @ "&ROUND($B$8-'Day Type Templates'!$J$15,0)&"-"&ROUND($B$8-'Day Type Templates'!$I$15,0)&" mph"),IF(R33="High Non-Bullpen",CONCATENATE(IF('Day Type Templates'!$E$18="","Mound",'Day Type Templates'!$E$18&" ft")&" — "&'Day Type Templates'!$F$18&"-"&'Day Type Templates'!$G$18&" throws"&" @ "&ROUND($B$8-'Day Type Templates'!$J$18,0)&"-"&ROUND($B$8-'Day Type Templates'!$I$18,0)&" mph"," + ",IF('Day Type Templates'!$E$19="","Mound",'Day Type Templates'!$E$19&" ft")&" — "&'Day Type Templates'!$F$19&"-"&'Day Type Templates'!$G$19&" throws"&" @ "&ROUND($B$8-'Day Type Templates'!$J$19,0)&"-"&ROUND($B$8-'Day Type Templates'!$I$19,0)&" mph"," + ",IF('Day Type Templates'!$E$20="","Mound",'Day Type Templates'!$E$20&" ft")&" — "&'Day Type Templates'!$F$20&"-"&'Day Type Templates'!$G$20&" throws"&" @ "&ROUND($B$8-'Day Type Templates'!$J$20,0)&"-"&ROUND($B$8-'Day Type Templates'!$I$20,0)&" mph"),IF(R33="High Bullpen",CONCATENATE(IF('Day Type Templates'!$E$24="","Mound",'Day Type Templates'!$E$24&" ft")&" — "&'Day Type Templates'!$F$24&"-"&'Day Type Templates'!$G$24&" throws"&" @ "&ROUND($B$8-'Day Type Templates'!$J$24,0)&"-"&ROUND($B$8-'Day Type Templates'!$I$24,0)&" mph"," + ",IF('Day Type Templates'!$E$25="","Mound",'Day Type Templates'!$E$25&" ft")&" — "&'Day Type Templates'!$F$25&"-"&'Day Type Templates'!$G$25&" throws"&" @ "&ROUND($B$8-'Day Type Templates'!$J$25,0)&"-"&ROUND($B$8-'Day Type Templates'!$I$25,0)&" mph"),IF(R33="Low Bullpen",CONCATENATE(IF('Day Type Templates'!$E$32="","Mound",'Day Type Templates'!$E$32&" ft")&" — "&'Day Type Templates'!$F$32&"-"&'Day Type Templates'!$G$32&" throws"&" @ "&ROUND($B$8-'Day Type Templates'!$J$32,0)&"-"&ROUND($B$8-'Day Type Templates'!$I$32,0)&" mph"," + ",IF('Day Type Templates'!$E$33="","Mound",'Day Type Templates'!$E$33&" ft")&" — "&'Day Type Templates'!$F$33&"-"&'Day Type Templates'!$G$33&" throws"&" @ "&ROUND($B$8-'Day Type Templates'!$J$33,0)&"-"&ROUND($B$8-'Day Type Templates'!$I$33,0)&" mph"),"Game — see Reference tab for warm-up rules"))))))) -> 120 ft — 40-50 throws @ 79-81 mph + 60 ft — 15-20 throws @ 81-83 mph
A34: =IF($B$7+7<$B$6,$B$7+7,"") -> 46302 | B34: =IF(A34="","",TEXT(A34,"ddd")) -> Wed | C34: =IF(A34="","",$B$6-A34) -> 2 | D34: =IF(A34="","",IF(AND(T34<>"",T34<>"(none)"),T34,IF(C34<=5,IFERROR(INDEX(Reference!$B$73:$B$78,MATCH(C34,Reference!$A$73:$A$78,0)),"Low"),IFERROR(INDEX(Reference!$B$84:$B$86,MATCH(MOD(C34-6,3),Reference!$A$84:$A$86,0)),"Low")))) -> Medium | E34: =IF(D34="","",IF(D34="No Throw",0,IF(D34="Low",1,IF(OR(D34="Medium",D34="Low Bullpen"),2,IF(OR(D34="High Non-Bullpen",D34="High Bullpen"),3,4))))) -> 2 | F34: =IF(A34="","",A34-1) -> 46301 | G34: =IF(F34="","",$B$6-F34) -> 3 | H34: =IF(F34="","",R33) -> Medium | I34: =IF(H34="","",IFERROR(INDEX('Day Type Templates'!$B$55:$B$60,MATCH(H34,'Day Type Templates'!$A$55:$A$60,0)),"")) -> 87.25 | J34: =IF(F34="","",SUMIFS('Throw Log'!$Q$5:$Q$300,'Throw Log'!$B$5:$B$300,$B$4,'Throw Log'!$A$5:$A$300,F34)) -> 0 | K34: =IF(OR(I34="",I34=0,J34="",J34=0),1,J34/I34) -> 1 | L34: =IF(K34>1.2,-1,IF(K34<0.8,1,0)) -> 0 | M34: =IF(A34="","",IF(R33="","",IF(IF(R33="No Throw",0,IF(R33="Low",1,IF(OR(R33="Medium",R33="Low Bullpen"),2,IF(OR(R33="High Non-Bullpen",R33="High Bullpen"),3,4))))=IF(IF(C33<=5,IFERROR(INDEX(Reference!$B$73:$B$78,MATCH(C33,Reference!$A$73:$A$78,0)),"Low"),IFERROR(INDEX(Reference!$B$84:$B$86,MATCH(MOD(C33-6,3),Reference!$A$84:$A$86,0)),"Low"))="No Throw",0,IF(IF(C33<=5,IFERROR(INDEX(Reference!$B$73:$B$78,MATCH(C33,Reference!$A$73:$A$78,0)),"Low"),IFERROR(INDEX(Reference!$B$84:$B$86,MATCH(MOD(C33-6,3),Reference!$A$84:$A$86,0)),"Low"))="Low",1,IF(IF(C33<=5,IFERROR(INDEX(Reference!$B$73:$B$78,MATCH(C33,Reference!$A$73:$A$78,0)),"Low"),IFERROR(INDEX(Reference!$B$84:$B$86,MATCH(MOD(C33-6,3),Reference!$A$84:$A$86,0)),"Low"))="Medium",2,IF(OR(IF(C33<=5,IFERROR(INDEX(Reference!$B$73:$B$78,MATCH(C33,Reference!$A$73:$A$78,0)),"Low"),IFERROR(INDEX(Reference!$B$84:$B$86,MATCH(MOD(C33-6,3),Reference!$A$84:$A$86,0)),"Low"))="High Non-Bullpen",IF(C33<=5,IFERROR(INDEX(Reference!$B$73:$B$78,MATCH(C33,Reference!$A$73:$A$78,0)),"Low"),IFERROR(INDEX(Reference!$B$84:$B$86,MATCH(MOD(C33-6,3),Reference!$A$84:$A$86,0)),"Low"))="High Bullpen"),3,4)))),0,IF(IF(R33="No Throw",0,IF(R33="Low",1,IF(R33="Medium",2,IF(OR(R33="High Non-Bullpen",R33="High Bullpen"),3,4))))>IF(IF(C33<=5,IFERROR(INDEX(Reference!$B$73:$B$78,MATCH(C33,Reference!$A$73:$A$78,0)),"Low"),IFERROR(INDEX(Reference!$B$84:$B$86,MATCH(MOD(C33-6,3),Reference!$A$84:$A$86,0)),"Low"))="No Throw",0,IF(IF(C33<=5,IFERROR(INDEX(Reference!$B$73:$B$78,MATCH(C33,Reference!$A$73:$A$78,0)),"Low"),IFERROR(INDEX(Reference!$B$84:$B$86,MATCH(MOD(C33-6,3),Reference!$A$84:$A$86,0)),"Low"))="Low",1,IF(IF(C33<=5,IFERROR(INDEX(Reference!$B$73:$B$78,MATCH(C33,Reference!$A$73:$A$78,0)),"Low"),IFERROR(INDEX(Reference!$B$84:$B$86,MATCH(MOD(C33-6,3),Reference!$A$84:$A$86,0)),"Low"))="Medium",2,IF(OR(IF(C33<=5,IFERROR(INDEX(Reference!$B$73:$B$78,MATCH(C33,Reference!$A$73:$A$78,0)),"Low"),IFERROR(INDEX(Reference!$B$84:$B$86,MATCH(MOD(C33-6,3),Reference!$A$84:$A$86,0)),"Low"))="High Non-Bullpen",IF(C33<=5,IFERROR(INDEX(Reference!$B$73:$B$78,MATCH(C33,Reference!$A$73:$A$78,0)),"Low"),IFERROR(INDEX(Reference!$B$84:$B$86,MATCH(MOD(C33-6,3),Reference!$A$84:$A$86,0)),"Low"))="High Bullpen"),3,4)))),-1,1)))) -> 1 | N34: =$B$16 -> 0 | O34: =IF(A34="","",IF(M34<>0,M34,MIN(L34,N34))) -> 1 | P34: =IF(C34=1,MIN(O34,0),O34) -> 1 | Q34: =IF(A34="","",MIN(3,MAX(1,E34+P34))) -> 3 | R34: =IF(A34="","",IF(AND(T34<>"",T34<>"(none)"),T34,IF(Q34="","",IF(Q34=E34,D34,IF(Q34=1,"Low",IF(Q34=2,"Medium","High Non-Bullpen")))))) -> High Non-Bullpen | S34: =IF(R34="","",IF(R34="No Throw","Full rest — no throwing today.",IF(R34="Low",CONCATENATE(IF('Day Type Templates'!$E$10="","Mound",'Day Type Templates'!$E$10&" ft")&" — "&'Day Type Templates'!$F$10&"-"&'Day Type Templates'!$G$10&" throws"&" @ "&ROUND($B$8-'Day Type Templates'!$J$10,0)&"-"&ROUND($B$8-'Day Type Templates'!$I$10,0)&" mph"," + ",IF('Day Type Templates'!$E$11="","Mound",'Day Type Templates'!$E$11&" ft")&" — "&'Day Type Templates'!$F$11&"-"&'Day Type Templates'!$G$11&" throws"&" @ "&ROUND($B$8-'Day Type Templates'!$J$11,0)&"-"&ROUND($B$8-'Day Type Templates'!$I$11,0)&" mph"),IF(R34="Medium",CONCATENATE(IF('Day Type Templates'!$E$14="","Mound",'Day Type Templates'!$E$14&" ft")&" — "&'Day Type Templates'!$F$14&"-"&'Day Type Templates'!$G$14&" throws"&" @ "&ROUND($B$8-'Day Type Templates'!$J$14,0)&"-"&ROUND($B$8-'Day Type Templates'!$I$14,0)&" mph"," + ",IF('Day Type Templates'!$E$15="","Mound",'Day Type Templates'!$E$15&" ft")&" — "&'Day Type Templates'!$F$15&"-"&'Day Type Templates'!$G$15&" throws"&" @ "&ROUND($B$8-'Day Type Templates'!$J$15,0)&"-"&ROUND($B$8-'Day Type Templates'!$I$15,0)&" mph"),IF(R34="High Non-Bullpen",CONCATENATE(IF('Day Type Templates'!$E$18="","Mound",'Day Type Templates'!$E$18&" ft")&" — "&'Day Type Templates'!$F$18&"-"&'Day Type Templates'!$G$18&" throws"&" @ "&ROUND($B$8-'Day Type Templates'!$J$18,0)&"-"&ROUND($B$8-'Day Type Templates'!$I$18,0)&" mph"," + ",IF('Day Type Templates'!$E$19="","Mound",'Day Type Templates'!$E$19&" ft")&" — "&'Day Type Templates'!$F$19&"-"&'Day Type Templates'!$G$19&" throws"&" @ "&ROUND($B$8-'Day Type Templates'!$J$19,0)&"-"&ROUND($B$8-'Day Type Templates'!$I$19,0)&" mph"," + ",IF('Day Type Templates'!$E$20="","Mound",'Day Type Templates'!$E$20&" ft")&" — "&'Day Type Templates'!$F$20&"-"&'Day Type Templates'!$G$20&" throws"&" @ "&ROUND($B$8-'Day Type Templates'!$J$20,0)&"-"&ROUND($B$8-'Day Type Templates'!$I$20,0)&" mph"),IF(R34="High Bullpen",CONCATENATE(IF('Day Type Templates'!$E$24="","Mound",'Day Type Templates'!$E$24&" ft")&" — "&'Day Type Templates'!$F$24&"-"&'Day Type Templates'!$G$24&" throws"&" @ "&ROUND($B$8-'Day Type Templates'!$J$24,0)&"-"&ROUND($B$8-'Day Type Templates'!$I$24,0)&" mph"," + ",IF('Day Type Templates'!$E$25="","Mound",'Day Type Templates'!$E$25&" ft")&" — "&'Day Type Templates'!$F$25&"-"&'Day Type Templates'!$G$25&" throws"&" @ "&ROUND($B$8-'Day Type Templates'!$J$25,0)&"-"&ROUND($B$8-'Day Type Templates'!$I$25,0)&" mph"),IF(R34="Low Bullpen",CONCATENATE(IF('Day Type Templates'!$E$32="","Mound",'Day Type Templates'!$E$32&" ft")&" — "&'Day Type Templates'!$F$32&"-"&'Day Type Templates'!$G$32&" throws"&" @ "&ROUND($B$8-'Day Type Templates'!$J$32,0)&"-"&ROUND($B$8-'Day Type Templates'!$I$32,0)&" mph"," + ",IF('Day Type Templates'!$E$33="","Mound",'Day Type Templates'!$E$33&" ft")&" — "&'Day Type Templates'!$F$33&"-"&'Day Type Templates'!$G$33&" throws"&" @ "&ROUND($B$8-'Day Type Templates'!$J$33,0)&"-"&ROUND($B$8-'Day Type Templates'!$I$33,0)&" mph"),"Game — see Reference tab for warm-up rules"))))))) -> 150 ft — 30-40 throws @ 79-81 mph + 120 ft — 20-30 throws @ 85-88 mph + 60 ft — 15-20 throws @ 82-84 mph
A35: =IF($B$7+8<$B$6,$B$7+8,"") -> 46303 | B35: =IF(A35="","",TEXT(A35,"ddd")) -> Thu | C35: =IF(A35="","",$B$6-A35) -> 1 | D35: =IF(A35="","",IF(AND(T35<>"",T35<>"(none)"),T35,IF(C35<=5,IFERROR(INDEX(Reference!$B$73:$B$78,MATCH(C35,Reference!$A$73:$A$78,0)),"Low"),IFERROR(INDEX(Reference!$B$84:$B$86,MATCH(MOD(C35-6,3),Reference!$A$84:$A$86,0)),"Low")))) -> Low | E35: =IF(D35="","",IF(D35="No Throw",0,IF(D35="Low",1,IF(OR(D35="Medium",D35="Low Bullpen"),2,IF(OR(D35="High Non-Bullpen",D35="High Bullpen"),3,4))))) -> 1 | F35: =IF(A35="","",A35-1) -> 46302 | G35: =IF(F35="","",$B$6-F35) -> 2 | H35: =IF(F35="","",R34) -> High Non-Bullpen | I35: =IF(H35="","",IFERROR(INDEX('Day Type Templates'!$B$55:$B$60,MATCH(H35,'Day Type Templates'!$A$55:$A$60,0)),"")) -> 193 | J35: =IF(F35="","",SUMIFS('Throw Log'!$Q$5:$Q$300,'Throw Log'!$B$5:$B$300,$B$4,'Throw Log'!$A$5:$A$300,F35)) -> 0 | K35: =IF(OR(I35="",I35=0,J35="",J35=0),1,J35/I35) -> 1 | L35: =IF(K35>1.2,-1,IF(K35<0.8,1,0)) -> 0 | M35: =IF(A35="","",IF(R34="","",IF(IF(R34="No Throw",0,IF(R34="Low",1,IF(OR(R34="Medium",R34="Low Bullpen"),2,IF(OR(R34="High Non-Bullpen",R34="High Bullpen"),3,4))))=IF(IF(C34<=5,IFERROR(INDEX(Reference!$B$73:$B$78,MATCH(C34,Reference!$A$73:$A$78,0)),"Low"),IFERROR(INDEX(Reference!$B$84:$B$86,MATCH(MOD(C34-6,3),Reference!$A$84:$A$86,0)),"Low"))="No Throw",0,IF(IF(C34<=5,IFERROR(INDEX(Reference!$B$73:$B$78,MATCH(C34,Reference!$A$73:$A$78,0)),"Low"),IFERROR(INDEX(Reference!$B$84:$B$86,MATCH(MOD(C34-6,3),Reference!$A$84:$A$86,0)),"Low"))="Low",1,IF(IF(C34<=5,IFERROR(INDEX(Reference!$B$73:$B$78,MATCH(C34,Reference!$A$73:$A$78,0)),"Low"),IFERROR(INDEX(Reference!$B$84:$B$86,MATCH(MOD(C34-6,3),Reference!$A$84:$A$86,0)),"Low"))="Medium",2,IF(OR(IF(C34<=5,IFERROR(INDEX(Reference!$B$73:$B$78,MATCH(C34,Reference!$A$73:$A$78,0)),"Low"),IFERROR(INDEX(Reference!$B$84:$B$86,MATCH(MOD(C34-6,3),Reference!$A$84:$A$86,0)),"Low"))="High Non-Bullpen",IF(C34<=5,IFERROR(INDEX(Reference!$B$73:$B$78,MATCH(C34,Reference!$A$73:$A$78,0)),"Low"),IFERROR(INDEX(Reference!$B$84:$B$86,MATCH(MOD(C34-6,3),Reference!$A$84:$A$86,0)),"Low"))="High Bullpen"),3,4)))),0,IF(IF(R34="No Throw",0,IF(R34="Low",1,IF(R34="Medium",2,IF(OR(R34="High Non-Bullpen",R34="High Bullpen"),3,4))))>IF(IF(C34<=5,IFERROR(INDEX(Reference!$B$73:$B$78,MATCH(C34,Reference!$A$73:$A$78,0)),"Low"),IFERROR(INDEX(Reference!$B$84:$B$86,MATCH(MOD(C34-6,3),Reference!$A$84:$A$86,0)),"Low"))="No Throw",0,IF(IF(C34<=5,IFERROR(INDEX(Reference!$B$73:$B$78,MATCH(C34,Reference!$A$73:$A$78,0)),"Low"),IFERROR(INDEX(Reference!$B$84:$B$86,MATCH(MOD(C34-6,3),Reference!$A$84:$A$86,0)),"Low"))="Low",1,IF(IF(C34<=5,IFERROR(INDEX(Reference!$B$73:$B$78,MATCH(C34,Reference!$A$73:$A$78,0)),"Low"),IFERROR(INDEX(Reference!$B$84:$B$86,MATCH(MOD(C34-6,3),Reference!$A$84:$A$86,0)),"Low"))="Medium",2,IF(OR(IF(C34<=5,IFERROR(INDEX(Reference!$B$73:$B$78,MATCH(C34,Reference!$A$73:$A$78,0)),"Low"),IFERROR(INDEX(Reference!$B$84:$B$86,MATCH(MOD(C34-6,3),Reference!$A$84:$A$86,0)),"Low"))="High Non-Bullpen",IF(C34<=5,IFERROR(INDEX(Reference!$B$73:$B$78,MATCH(C34,Reference!$A$73:$A$78,0)),"Low"),IFERROR(INDEX(Reference!$B$84:$B$86,MATCH(MOD(C34-6,3),Reference!$A$84:$A$86,0)),"Low"))="High Bullpen"),3,4)))),-1,1)))) -> -1 | N35: =$B$16 -> 0 | O35: =IF(A35="","",IF(M35<>0,M35,MIN(L35,N35))) -> -1 | P35: =IF(C35=1,MIN(O35,0),O35) -> -1 | Q35: =IF(A35="","",MIN(3,MAX(1,E35+P35))) -> 1 | R35: =IF(A35="","",IF(AND(T35<>"",T35<>"(none)"),T35,IF(Q35="","",IF(Q35=E35,D35,IF(Q35=1,"Low",IF(Q35=2,"Medium","High Non-Bullpen")))))) -> Low | S35: =IF(R35="","",IF(R35="No Throw","Full rest — no throwing today.",IF(R35="Low",CONCATENATE(IF('Day Type Templates'!$E$10="","Mound",'Day Type Templates'!$E$10&" ft")&" — "&'Day Type Templates'!$F$10&"-"&'Day Type Templates'!$G$10&" throws"&" @ "&ROUND($B$8-'Day Type Templates'!$J$10,0)&"-"&ROUND($B$8-'Day Type Templates'!$I$10,0)&" mph"," + ",IF('Day Type Templates'!$E$11="","Mound",'Day Type Templates'!$E$11&" ft")&" — "&'Day Type Templates'!$F$11&"-"&'Day Type Templates'!$G$11&" throws"&" @ "&ROUND($B$8-'Day Type Templates'!$J$11,0)&"-"&ROUND($B$8-'Day Type Templates'!$I$11,0)&" mph"),IF(R35="Medium",CONCATENATE(IF('Day Type Templates'!$E$14="","Mound",'Day Type Templates'!$E$14&" ft")&" — "&'Day Type Templates'!$F$14&"-"&'Day Type Templates'!$G$14&" throws"&" @ "&ROUND($B$8-'Day Type Templates'!$J$14,0)&"-"&ROUND($B$8-'Day Type Templates'!$I$14,0)&" mph"," + ",IF('Day Type Templates'!$E$15="","Mound",'Day Type Templates'!$E$15&" ft")&" — "&'Day Type Templates'!$F$15&"-"&'Day Type Templates'!$G$15&" throws"&" @ "&ROUND($B$8-'Day Type Templates'!$J$15,0)&"-"&ROUND($B$8-'Day Type Templates'!$I$15,0)&" mph"),IF(R35="High Non-Bullpen",CONCATENATE(IF('Day Type Templates'!$E$18="","Mound",'Day Type Templates'!$E$18&" ft")&" — "&'Day Type Templates'!$F$18&"-"&'Day Type Templates'!$G$18&" throws"&" @ "&ROUND($B$8-'Day Type Templates'!$J$18,0)&"-"&ROUND($B$8-'Day Type Templates'!$I$18,0)&" mph"," + ",IF('Day Type Templates'!$E$19="","Mound",'Day Type Templates'!$E$19&" ft")&" — "&'Day Type Templates'!$F$19&"-"&'Day Type Templates'!$G$19&" throws"&" @ "&ROUND($B$8-'Day Type Templates'!$J$19,0)&"-"&ROUND($B$8-'Day Type Templates'!$I$19,0)&" mph"," + ",IF('Day Type Templates'!$E$20="","Mound",'Day Type Templates'!$E$20&" ft")&" — "&'Day Type Templates'!$F$20&"-"&'Day Type Templates'!$G$20&" throws"&" @ "&ROUND($B$8-'Day Type Templates'!$J$20,0)&"-"&ROUND($B$8-'Day Type Templates'!$I$20,0)&" mph"),IF(R35="High Bullpen",CONCATENATE(IF('Day Type Templates'!$E$24="","Mound",'Day Type Templates'!$E$24&" ft")&" — "&'Day Type Templates'!$F$24&"-"&'Day Type Templates'!$G$24&" throws"&" @ "&ROUND($B$8-'Day Type Templates'!$J$24,0)&"-"&ROUND($B$8-'Day Type Templates'!$I$24,0)&" mph"," + ",IF('Day Type Templates'!$E$25="","Mound",'Day Type Templates'!$E$25&" ft")&" — "&'Day Type Templates'!$F$25&"-"&'Day Type Templates'!$G$25&" throws"&" @ "&ROUND($B$8-'Day Type Templates'!$J$25,0)&"-"&ROUND($B$8-'Day Type Templates'!$I$25,0)&" mph"),IF(R35="Low Bullpen",CONCATENATE(IF('Day Type Templates'!$E$32="","Mound",'Day Type Templates'!$E$32&" ft")&" — "&'Day Type Templates'!$F$32&"-"&'Day Type Templates'!$G$32&" throws"&" @ "&ROUND($B$8-'Day Type Templates'!$J$32,0)&"-"&ROUND($B$8-'Day Type Templates'!$I$32,0)&" mph"," + ",IF('Day Type Templates'!$E$33="","Mound",'Day Type Templates'!$E$33&" ft")&" — "&'Day Type Templates'!$F$33&"-"&'Day Type Templates'!$G$33&" throws"&" @ "&ROUND($B$8-'Day Type Templates'!$J$33,0)&"-"&ROUND($B$8-'Day Type Templates'!$I$33,0)&" mph"),"Game — see Reference tab for warm-up rules"))))))) -> 90 ft — 45-55 throws @ 70-74 mph + 60 ft — 15-25 throws @ 74-76 mph
A36: =IF($B$7+9<$B$6,$B$7+9,"") | B36: =IF(A36="","",TEXT(A36,"ddd")) | C36: =IF(A36="","",$B$6-A36) | D36: =IF(A36="","",IF(AND(T36<>"",T36<>"(none)"),T36,IF(C36<=5,IFERROR(INDEX(Reference!$B$73:$B$78,MATCH(C36,Reference!$A$73:$A$78,0)),"Low"),IFERROR(INDEX(Reference!$B$84:$B$86,MATCH(MOD(C36-6,3),Reference!$A$84:$A$86,0)),"Low")))) | E36: =IF(D36="","",IF(D36="No Throw",0,IF(D36="Low",1,IF(OR(D36="Medium",D36="Low Bullpen"),2,IF(OR(D36="High Non-Bullpen",D36="High Bullpen"),3,4))))) | F36: =IF(A36="","",A36-1) | G36: =IF(F36="","",$B$6-F36) | H36: =IF(F36="","",R35) | I36: =IF(H36="","",IFERROR(INDEX('Day Type Templates'!$B$55:$B$60,MATCH(H36,'Day Type Templates'!$A$55:$A$60,0)),"")) | J36: =IF(F36="","",SUMIFS('Throw Log'!$Q$5:$Q$300,'Throw Log'!$B$5:$B$300,$B$4,'Throw Log'!$A$5:$A$300,F36)) | K36: =IF(OR(I36="",I36=0,J36="",J36=0),1,J36/I36) -> 1 | L36: =IF(K36>1.2,-1,IF(K36<0.8,1,0)) -> 0 | M36: =IF(A36="","",IF(R35="","",IF(IF(R35="No Throw",0,IF(R35="Low",1,IF(OR(R35="Medium",R35="Low Bullpen"),2,IF(OR(R35="High Non-Bullpen",R35="High Bullpen"),3,4))))=IF(IF(C35<=5,IFERROR(INDEX(Reference!$B$73:$B$78,MATCH(C35,Reference!$A$73:$A$78,0)),"Low"),IFERROR(INDEX(Reference!$B$84:$B$86,MATCH(MOD(C35-6,3),Reference!$A$84:$A$86,0)),"Low"))="No Throw",0,IF(IF(C35<=5,IFERROR(INDEX(Reference!$B$73:$B$78,MATCH(C35,Reference!$A$73:$A$78,0)),"Low"),IFERROR(INDEX(Reference!$B$84:$B$86,MATCH(MOD(C35-6,3),Reference!$A$84:$A$86,0)),"Low"))="Low",1,IF(IF(C35<=5,IFERROR(INDEX(Reference!$B$73:$B$78,MATCH(C35,Reference!$A$73:$A$78,0)),"Low"),IFERROR(INDEX(Reference!$B$84:$B$86,MATCH(MOD(C35-6,3),Reference!$A$84:$A$86,0)),"Low"))="Medium",2,IF(OR(IF(C35<=5,IFERROR(INDEX(Reference!$B$73:$B$78,MATCH(C35,Reference!$A$73:$A$78,0)),"Low"),IFERROR(INDEX(Reference!$B$84:$B$86,MATCH(MOD(C35-6,3),Reference!$A$84:$A$86,0)),"Low"))="High Non-Bullpen",IF(C35<=5,IFERROR(INDEX(Reference!$B$73:$B$78,MATCH(C35,Reference!$A$73:$A$78,0)),"Low"),IFERROR(INDEX(Reference!$B$84:$B$86,MATCH(MOD(C35-6,3),Reference!$A$84:$A$86,0)),"Low"))="High Bullpen"),3,4)))),0,IF(IF(R35="No Throw",0,IF(R35="Low",1,IF(R35="Medium",2,IF(OR(R35="High Non-Bullpen",R35="High Bullpen"),3,4))))>IF(IF(C35<=5,IFERROR(INDEX(Reference!$B$73:$B$78,MATCH(C35,Reference!$A$73:$A$78,0)),"Low"),IFERROR(INDEX(Reference!$B$84:$B$86,MATCH(MOD(C35-6,3),Reference!$A$84:$A$86,0)),"Low"))="No Throw",0,IF(IF(C35<=5,IFERROR(INDEX(Reference!$B$73:$B$78,MATCH(C35,Reference!$A$73:$A$78,0)),"Low"),IFERROR(INDEX(Reference!$B$84:$B$86,MATCH(MOD(C35-6,3),Reference!$A$84:$A$86,0)),"Low"))="Low",1,IF(IF(C35<=5,IFERROR(INDEX(Reference!$B$73:$B$78,MATCH(C35,Reference!$A$73:$A$78,0)),"Low"),IFERROR(INDEX(Reference!$B$84:$B$86,MATCH(MOD(C35-6,3),Reference!$A$84:$A$86,0)),"Low"))="Medium",2,IF(OR(IF(C35<=5,IFERROR(INDEX(Reference!$B$73:$B$78,MATCH(C35,Reference!$A$73:$A$78,0)),"Low"),IFERROR(INDEX(Reference!$B$84:$B$86,MATCH(MOD(C35-6,3),Reference!$A$84:$A$86,0)),"Low"))="High Non-Bullpen",IF(C35<=5,IFERROR(INDEX(Reference!$B$73:$B$78,MATCH(C35,Reference!$A$73:$A$78,0)),"Low"),IFERROR(INDEX(Reference!$B$84:$B$86,MATCH(MOD(C35-6,3),Reference!$A$84:$A$86,0)),"Low"))="High Bullpen"),3,4)))),-1,1)))) | N36: =$B$16 -> 0 | O36: =IF(A36="","",IF(M36<>0,M36,MIN(L36,N36))) | P36: =IF(C36=1,MIN(O36,0),O36) | Q36: =IF(A36="","",MIN(3,MAX(1,E36+P36))) | R36: =IF(A36="","",IF(AND(T36<>"",T36<>"(none)"),T36,IF(Q36="","",IF(Q36=E36,D36,IF(Q36=1,"Low",IF(Q36=2,"Medium","High Non-Bullpen")))))) | S36: =IF(R36="","",IF(R36="No Throw","Full rest — no throwing today.",IF(R36="Low",CONCATENATE(IF('Day Type Templates'!$E$10="","Mound",'Day Type Templates'!$E$10&" ft")&" — "&'Day Type Templates'!$F$10&"-"&'Day Type Templates'!$G$10&" throws"&" @ "&ROUND($B$8-'Day Type Templates'!$J$10,0)&"-"&ROUND($B$8-'Day Type Templates'!$I$10,0)&" mph"," + ",IF('Day Type Templates'!$E$11="","Mound",'Day Type Templates'!$E$11&" ft")&" — "&'Day Type Templates'!$F$11&"-"&'Day Type Templates'!$G$11&" throws"&" @ "&ROUND($B$8-'Day Type Templates'!$J$11,0)&"-"&ROUND($B$8-'Day Type Templates'!$I$11,0)&" mph"),IF(R36="Medium",CONCATENATE(IF('Day Type Templates'!$E$14="","Mound",'Day Type Templates'!$E$14&" ft")&" — "&'Day Type Templates'!$F$14&"-"&'Day Type Templates'!$G$14&" throws"&" @ "&ROUND($B$8-'Day Type Templates'!$J$14,0)&"-"&ROUND($B$8-'Day Type Templates'!$I$14,0)&" mph"," + ",IF('Day Type Templates'!$E$15="","Mound",'Day Type Templates'!$E$15&" ft")&" — "&'Day Type Templates'!$F$15&"-"&'Day Type Templates'!$G$15&" throws"&" @ "&ROUND($B$8-'Day Type Templates'!$J$15,0)&"-"&ROUND($B$8-'Day Type Templates'!$I$15,0)&" mph"),IF(R36="High Non-Bullpen",CONCATENATE(IF('Day Type Templates'!$E$18="","Mound",'Day Type Templates'!$E$18&" ft")&" — "&'Day Type Templates'!$F$18&"-"&'Day Type Templates'!$G$18&" throws"&" @ "&ROUND($B$8-'Day Type Templates'!$J$18,0)&"-"&ROUND($B$8-'Day Type Templates'!$I$18,0)&" mph"," + ",IF('Day Type Templates'!$E$19="","Mound",'Day Type Templates'!$E$19&" ft")&" — "&'Day Type Templates'!$F$19&"-"&'Day Type Templates'!$G$19&" throws"&" @ "&ROUND($B$8-'Day Type Templates'!$J$19,0)&"-"&ROUND($B$8-'Day Type Templates'!$I$19,0)&" mph"," + ",IF('Day Type Templates'!$E$20="","Mound",'Day Type Templates'!$E$20&" ft")&" — "&'Day Type Templates'!$F$20&"-"&'Day Type Templates'!$G$20&" throws"&" @ "&ROUND($B$8-'Day Type Templates'!$J$20,0)&"-"&ROUND($B$8-'Day Type Templates'!$I$20,0)&" mph"),IF(R36="High Bullpen",CONCATENATE(IF('Day Type Templates'!$E$24="","Mound",'Day Type Templates'!$E$24&" ft")&" — "&'Day Type Templates'!$F$24&"-"&'Day Type Templates'!$G$24&" throws"&" @ "&ROUND($B$8-'Day Type Templates'!$J$24,0)&"-"&ROUND($B$8-'Day Type Templates'!$I$24,0)&" mph"," + ",IF('Day Type Templates'!$E$25="","Mound",'Day Type Templates'!$E$25&" ft")&" — "&'Day Type Templates'!$F$25&"-"&'Day Type Templates'!$G$25&" throws"&" @ "&ROUND($B$8-'Day Type Templates'!$J$25,0)&"-"&ROUND($B$8-'Day Type Templates'!$I$25,0)&" mph"),IF(R36="Low Bullpen",CONCATENATE(IF('Day Type Templates'!$E$32="","Mound",'Day Type Templates'!$E$32&" ft")&" — "&'Day Type Templates'!$F$32&"-"&'Day Type Templates'!$G$32&" throws"&" @ "&ROUND($B$8-'Day Type Templates'!$J$32,0)&"-"&ROUND($B$8-'Day Type Templates'!$I$32,0)&" mph"," + ",IF('Day Type Templates'!$E$33="","Mound",'Day Type Templates'!$E$33&" ft")&" — "&'Day Type Templates'!$F$33&"-"&'Day Type Templates'!$G$33&" throws"&" @ "&ROUND($B$8-'Day Type Templates'!$J$33,0)&"-"&ROUND($B$8-'Day Type Templates'!$I$33,0)&" mph"),"Game — see Reference tab for warm-up rules")))))))
A37: =IF($B$7+10<$B$6,$B$7+10,"") | B37: =IF(A37="","",TEXT(A37,"ddd")) | C37: =IF(A37="","",$B$6-A37) | D37: =IF(A37="","",IF(AND(T37<>"",T37<>"(none)"),T37,IF(C37<=5,IFERROR(INDEX(Reference!$B$73:$B$78,MATCH(C37,Reference!$A$73:$A$78,0)),"Low"),IFERROR(INDEX(Reference!$B$84:$B$86,MATCH(MOD(C37-6,3),Reference!$A$84:$A$86,0)),"Low")))) | E37: =IF(D37="","",IF(D37="No Throw",0,IF(D37="Low",1,IF(OR(D37="Medium",D37="Low Bullpen"),2,IF(OR(D37="High Non-Bullpen",D37="High Bullpen"),3,4))))) | F37: =IF(A37="","",A37-1) | G37: =IF(F37="","",$B$6-F37) | H37: =IF(F37="","",R36) | I37: =IF(H37="","",IFERROR(INDEX('Day Type Templates'!$B$55:$B$60,MATCH(H37,'Day Type Templates'!$A$55:$A$60,0)),"")) | J37: =IF(F37="","",SUMIFS('Throw Log'!$Q$5:$Q$300,'Throw Log'!$B$5:$B$300,$B$4,'Throw Log'!$A$5:$A$300,F37)) | K37: =IF(OR(I37="",I37=0,J37="",J37=0),1,J37/I37) -> 1 | L37: =IF(K37>1.2,-1,IF(K37<0.8,1,0)) -> 0 | M37: =IF(A37="","",IF(R36="","",IF(IF(R36="No Throw",0,IF(R36="Low",1,IF(OR(R36="Medium",R36="Low Bullpen"),2,IF(OR(R36="High Non-Bullpen",R36="High Bullpen"),3,4))))=IF(IF(C36<=5,IFERROR(INDEX(Reference!$B$73:$B$78,MATCH(C36,Reference!$A$73:$A$78,0)),"Low"),IFERROR(INDEX(Reference!$B$84:$B$86,MATCH(MOD(C36-6,3),Reference!$A$84:$A$86,0)),"Low"))="No Throw",0,IF(IF(C36<=5,IFERROR(INDEX(Reference!$B$73:$B$78,MATCH(C36,Reference!$A$73:$A$78,0)),"Low"),IFERROR(INDEX(Reference!$B$84:$B$86,MATCH(MOD(C36-6,3),Reference!$A$84:$A$86,0)),"Low"))="Low",1,IF(IF(C36<=5,IFERROR(INDEX(Reference!$B$73:$B$78,MATCH(C36,Reference!$A$73:$A$78,0)),"Low"),IFERROR(INDEX(Reference!$B$84:$B$86,MATCH(MOD(C36-6,3),Reference!$A$84:$A$86,0)),"Low"))="Medium",2,IF(OR(IF(C36<=5,IFERROR(INDEX(Reference!$B$73:$B$78,MATCH(C36,Reference!$A$73:$A$78,0)),"Low"),IFERROR(INDEX(Reference!$B$84:$B$86,MATCH(MOD(C36-6,3),Reference!$A$84:$A$86,0)),"Low"))="High Non-Bullpen",IF(C36<=5,IFERROR(INDEX(Reference!$B$73:$B$78,MATCH(C36,Reference!$A$73:$A$78,0)),"Low"),IFERROR(INDEX(Reference!$B$84:$B$86,MATCH(MOD(C36-6,3),Reference!$A$84:$A$86,0)),"Low"))="High Bullpen"),3,4)))),0,IF(IF(R36="No Throw",0,IF(R36="Low",1,IF(R36="Medium",2,IF(OR(R36="High Non-Bullpen",R36="High Bullpen"),3,4))))>IF(IF(C36<=5,IFERROR(INDEX(Reference!$B$73:$B$78,MATCH(C36,Reference!$A$73:$A$78,0)),"Low"),IFERROR(INDEX(Reference!$B$84:$B$86,MATCH(MOD(C36-6,3),Reference!$A$84:$A$86,0)),"Low"))="No Throw",0,IF(IF(C36<=5,IFERROR(INDEX(Reference!$B$73:$B$78,MATCH(C36,Reference!$A$73:$A$78,0)),"Low"),IFERROR(INDEX(Reference!$B$84:$B$86,MATCH(MOD(C36-6,3),Reference!$A$84:$A$86,0)),"Low"))="Low",1,IF(IF(C36<=5,IFERROR(INDEX(Reference!$B$73:$B$78,MATCH(C36,Reference!$A$73:$A$78,0)),"Low"),IFERROR(INDEX(Reference!$B$84:$B$86,MATCH(MOD(C36-6,3),Reference!$A$84:$A$86,0)),"Low"))="Medium",2,IF(OR(IF(C36<=5,IFERROR(INDEX(Reference!$B$73:$B$78,MATCH(C36,Reference!$A$73:$A$78,0)),"Low"),IFERROR(INDEX(Reference!$B$84:$B$86,MATCH(MOD(C36-6,3),Reference!$A$84:$A$86,0)),"Low"))="High Non-Bullpen",IF(C36<=5,IFERROR(INDEX(Reference!$B$73:$B$78,MATCH(C36,Reference!$A$73:$A$78,0)),"Low"),IFERROR(INDEX(Reference!$B$84:$B$86,MATCH(MOD(C36-6,3),Reference!$A$84:$A$86,0)),"Low"))="High Bullpen"),3,4)))),-1,1)))) | N37: =$B$16 -> 0 | O37: =IF(A37="","",IF(M37<>0,M37,MIN(L37,N37))) | P37: =IF(C37=1,MIN(O37,0),O37) | Q37: =IF(A37="","",MIN(3,MAX(1,E37+P37))) | R37: =IF(A37="","",IF(AND(T37<>"",T37<>"(none)"),T37,IF(Q37="","",IF(Q37=E37,D37,IF(Q37=1,"Low",IF(Q37=2,"Medium","High Non-Bullpen")))))) | S37: =IF(R37="","",IF(R37="No Throw","Full rest — no throwing today.",IF(R37="Low",CONCATENATE(IF('Day Type Templates'!$E$10="","Mound",'Day Type Templates'!$E$10&" ft")&" — "&'Day Type Templates'!$F$10&"-"&'Day Type Templates'!$G$10&" throws"&" @ "&ROUND($B$8-'Day Type Templates'!$J$10,0)&"-"&ROUND($B$8-'Day Type Templates'!$I$10,0)&" mph"," + ",IF('Day Type Templates'!$E$11="","Mound",'Day Type Templates'!$E$11&" ft")&" — "&'Day Type Templates'!$F$11&"-"&'Day Type Templates'!$G$11&" throws"&" @ "&ROUND($B$8-'Day Type Templates'!$J$11,0)&"-"&ROUND($B$8-'Day Type Templates'!$I$11,0)&" mph"),IF(R37="Medium",CONCATENATE(IF('Day Type Templates'!$E$14="","Mound",'Day Type Templates'!$E$14&" ft")&" — "&'Day Type Templates'!$F$14&"-"&'Day Type Templates'!$G$14&" throws"&" @ "&ROUND($B$8-'Day Type Templates'!$J$14,0)&"-"&ROUND($B$8-'Day Type Templates'!$I$14,0)&" mph"," + ",IF('Day Type Templates'!$E$15="","Mound",'Day Type Templates'!$E$15&" ft")&" — "&'Day Type Templates'!$F$15&"-"&'Day Type Templates'!$G$15&" throws"&" @ "&ROUND($B$8-'Day Type Templates'!$J$15,0)&"-"&ROUND($B$8-'Day Type Templates'!$I$15,0)&" mph"),IF(R37="High Non-Bullpen",CONCATENATE(IF('Day Type Templates'!$E$18="","Mound",'Day Type Templates'!$E$18&" ft")&" — "&'Day Type Templates'!$F$18&"-"&'Day Type Templates'!$G$18&" throws"&" @ "&ROUND($B$8-'Day Type Templates'!$J$18,0)&"-"&ROUND($B$8-'Day Type Templates'!$I$18,0)&" mph"," + ",IF('Day Type Templates'!$E$19="","Mound",'Day Type Templates'!$E$19&" ft")&" — "&'Day Type Templates'!$F$19&"-"&'Day Type Templates'!$G$19&" throws"&" @ "&ROUND($B$8-'Day Type Templates'!$J$19,0)&"-"&ROUND($B$8-'Day Type Templates'!$I$19,0)&" mph"," + ",IF('Day Type Templates'!$E$20="","Mound",'Day Type Templates'!$E$20&" ft")&" — "&'Day Type Templates'!$F$20&"-"&'Day Type Templates'!$G$20&" throws"&" @ "&ROUND($B$8-'Day Type Templates'!$J$20,0)&"-"&ROUND($B$8-'Day Type Templates'!$I$20,0)&" mph"),IF(R37="High Bullpen",CONCATENATE(IF('Day Type Templates'!$E$24="","Mound",'Day Type Templates'!$E$24&" ft")&" — "&'Day Type Templates'!$F$24&"-"&'Day Type Templates'!$G$24&" throws"&" @ "&ROUND($B$8-'Day Type Templates'!$J$24,0)&"-"&ROUND($B$8-'Day Type Templates'!$I$24,0)&" mph"," + ",IF('Day Type Templates'!$E$25="","Mound",'Day Type Templates'!$E$25&" ft")&" — "&'Day Type Templates'!$F$25&"-"&'Day Type Templates'!$G$25&" throws"&" @ "&ROUND($B$8-'Day Type Templates'!$J$25,0)&"-"&ROUND($B$8-'Day Type Templates'!$I$25,0)&" mph"),IF(R37="Low Bullpen",CONCATENATE(IF('Day Type Templates'!$E$32="","Mound",'Day Type Templates'!$E$32&" ft")&" — "&'Day Type Templates'!$F$32&"-"&'Day Type Templates'!$G$32&" throws"&" @ "&ROUND($B$8-'Day Type Templates'!$J$32,0)&"-"&ROUND($B$8-'Day Type Templates'!$I$32,0)&" mph"," + ",IF('Day Type Templates'!$E$33="","Mound",'Day Type Templates'!$E$33&" ft")&" — "&'Day Type Templates'!$F$33&"-"&'Day Type Templates'!$G$33&" throws"&" @ "&ROUND($B$8-'Day Type Templates'!$J$33,0)&"-"&ROUND($B$8-'Day Type Templates'!$I$33,0)&" mph"),"Game — see Reference tab for warm-up rules")))))))
A38: =IF($B$7+11<$B$6,$B$7+11,"") | B38: =IF(A38="","",TEXT(A38,"ddd")) | C38: =IF(A38="","",$B$6-A38) | D38: =IF(A38="","",IF(AND(T38<>"",T38<>"(none)"),T38,IF(C38<=5,IFERROR(INDEX(Reference!$B$73:$B$78,MATCH(C38,Reference!$A$73:$A$78,0)),"Low"),IFERROR(INDEX(Reference!$B$84:$B$86,MATCH(MOD(C38-6,3),Reference!$A$84:$A$86,0)),"Low")))) | E38: =IF(D38="","",IF(D38="No Throw",0,IF(D38="Low",1,IF(OR(D38="Medium",D38="Low Bullpen"),2,IF(OR(D38="High Non-Bullpen",D38="High Bullpen"),3,4))))) | F38: =IF(A38="","",A38-1) | G38: =IF(F38="","",$B$6-F38) | H38: =IF(F38="","",R37) | I38: =IF(H38="","",IFERROR(INDEX('Day Type Templates'!$B$55:$B$60,MATCH(H38,'Day Type Templates'!$A$55:$A$60,0)),"")) | J38: =IF(F38="","",SUMIFS('Throw Log'!$Q$5:$Q$300,'Throw Log'!$B$5:$B$300,$B$4,'Throw Log'!$A$5:$A$300,F38)) | K38: =IF(OR(I38="",I38=0,J38="",J38=0),1,J38/I38) -> 1 | L38: =IF(K38>1.2,-1,IF(K38<0.8,1,0)) -> 0 | M38: =IF(A38="","",IF(R37="","",IF(IF(R37="No Throw",0,IF(R37="Low",1,IF(OR(R37="Medium",R37="Low Bullpen"),2,IF(OR(R37="High Non-Bullpen",R37="High Bullpen"),3,4))))=IF(IF(C37<=5,IFERROR(INDEX(Reference!$B$73:$B$78,MATCH(C37,Reference!$A$73:$A$78,0)),"Low"),IFERROR(INDEX(Reference!$B$84:$B$86,MATCH(MOD(C37-6,3),Reference!$A$84:$A$86,0)),"Low"))="No Throw",0,IF(IF(C37<=5,IFERROR(INDEX(Reference!$B$73:$B$78,MATCH(C37,Reference!$A$73:$A$78,0)),"Low"),IFERROR(INDEX(Reference!$B$84:$B$86,MATCH(MOD(C37-6,3),Reference!$A$84:$A$86,0)),"Low"))="Low",1,IF(IF(C37<=5,IFERROR(INDEX(Reference!$B$73:$B$78,MATCH(C37,Reference!$A$73:$A$78,0)),"Low"),IFERROR(INDEX(Reference!$B$84:$B$86,MATCH(MOD(C37-6,3),Reference!$A$84:$A$86,0)),"Low"))="Medium",2,IF(OR(IF(C37<=5,IFERROR(INDEX(Reference!$B$73:$B$78,MATCH(C37,Reference!$A$73:$A$78,0)),"Low"),IFERROR(INDEX(Reference!$B$84:$B$86,MATCH(MOD(C37-6,3),Reference!$A$84:$A$86,0)),"Low"))="High Non-Bullpen",IF(C37<=5,IFERROR(INDEX(Reference!$B$73:$B$78,MATCH(C37,Reference!$A$73:$A$78,0)),"Low"),IFERROR(INDEX(Reference!$B$84:$B$86,MATCH(MOD(C37-6,3),Reference!$A$84:$A$86,0)),"Low"))="High Bullpen"),3,4)))),0,IF(IF(R37="No Throw",0,IF(R37="Low",1,IF(R37="Medium",2,IF(OR(R37="High Non-Bullpen",R37="High Bullpen"),3,4))))>IF(IF(C37<=5,IFERROR(INDEX(Reference!$B$73:$B$78,MATCH(C37,Reference!$A$73:$A$78,0)),"Low"),IFERROR(INDEX(Reference!$B$84:$B$86,MATCH(MOD(C37-6,3),Reference!$A$84:$A$86,0)),"Low"))="No Throw",0,IF(IF(C37<=5,IFERROR(INDEX(Reference!$B$73:$B$78,MATCH(C37,Reference!$A$73:$A$78,0)),"Low"),IFERROR(INDEX(Reference!$B$84:$B$86,MATCH(MOD(C37-6,3),Reference!$A$84:$A$86,0)),"Low"))="Low",1,IF(IF(C37<=5,IFERROR(INDEX(Reference!$B$73:$B$78,MATCH(C37,Reference!$A$73:$A$78,0)),"Low"),IFERROR(INDEX(Reference!$B$84:$B$86,MATCH(MOD(C37-6,3),Reference!$A$84:$A$86,0)),"Low"))="Medium",2,IF(OR(IF(C37<=5,IFERROR(INDEX(Reference!$B$73:$B$78,MATCH(C37,Reference!$A$73:$A$78,0)),"Low"),IFERROR(INDEX(Reference!$B$84:$B$86,MATCH(MOD(C37-6,3),Reference!$A$84:$A$86,0)),"Low"))="High Non-Bullpen",IF(C37<=5,IFERROR(INDEX(Reference!$B$73:$B$78,MATCH(C37,Reference!$A$73:$A$78,0)),"Low"),IFERROR(INDEX(Reference!$B$84:$B$86,MATCH(MOD(C37-6,3),Reference!$A$84:$A$86,0)),"Low"))="High Bullpen"),3,4)))),-1,1)))) | N38: =$B$16 -> 0 | O38: =IF(A38="","",IF(M38<>0,M38,MIN(L38,N38))) | P38: =IF(C38=1,MIN(O38,0),O38) | Q38: =IF(A38="","",MIN(3,MAX(1,E38+P38))) | R38: =IF(A38="","",IF(AND(T38<>"",T38<>"(none)"),T38,IF(Q38="","",IF(Q38=E38,D38,IF(Q38=1,"Low",IF(Q38=2,"Medium","High Non-Bullpen")))))) | S38: =IF(R38="","",IF(R38="No Throw","Full rest — no throwing today.",IF(R38="Low",CONCATENATE(IF('Day Type Templates'!$E$10="","Mound",'Day Type Templates'!$E$10&" ft")&" — "&'Day Type Templates'!$F$10&"-"&'Day Type Templates'!$G$10&" throws"&" @ "&ROUND($B$8-'Day Type Templates'!$J$10,0)&"-"&ROUND($B$8-'Day Type Templates'!$I$10,0)&" mph"," + ",IF('Day Type Templates'!$E$11="","Mound",'Day Type Templates'!$E$11&" ft")&" — "&'Day Type Templates'!$F$11&"-"&'Day Type Templates'!$G$11&" throws"&" @ "&ROUND($B$8-'Day Type Templates'!$J$11,0)&"-"&ROUND($B$8-'Day Type Templates'!$I$11,0)&" mph"),IF(R38="Medium",CONCATENATE(IF('Day Type Templates'!$E$14="","Mound",'Day Type Templates'!$E$14&" ft")&" — "&'Day Type Templates'!$F$14&"-"&'Day Type Templates'!$G$14&" throws"&" @ "&ROUND($B$8-'Day Type Templates'!$J$14,0)&"-"&ROUND($B$8-'Day Type Templates'!$I$14,0)&" mph"," + ",IF('Day Type Templates'!$E$15="","Mound",'Day Type Templates'!$E$15&" ft")&" — "&'Day Type Templates'!$F$15&"-"&'Day Type Templates'!$G$15&" throws"&" @ "&ROUND($B$8-'Day Type Templates'!$J$15,0)&"-"&ROUND($B$8-'Day Type Templates'!$I$15,0)&" mph"),IF(R38="High Non-Bullpen",CONCATENATE(IF('Day Type Templates'!$E$18="","Mound",'Day Type Templates'!$E$18&" ft")&" — "&'Day Type Templates'!$F$18&"-"&'Day Type Templates'!$G$18&" throws"&" @ "&ROUND($B$8-'Day Type Templates'!$J$18,0)&"-"&ROUND($B$8-'Day Type Templates'!$I$18,0)&" mph"," + ",IF('Day Type Templates'!$E$19="","Mound",'Day Type Templates'!$E$19&" ft")&" — "&'Day Type Templates'!$F$19&"-"&'Day Type Templates'!$G$19&" throws"&" @ "&ROUND($B$8-'Day Type Templates'!$J$19,0)&"-"&ROUND($B$8-'Day Type Templates'!$I$19,0)&" mph"," + ",IF('Day Type Templates'!$E$20="","Mound",'Day Type Templates'!$E$20&" ft")&" — "&'Day Type Templates'!$F$20&"-"&'Day Type Templates'!$G$20&" throws"&" @ "&ROUND($B$8-'Day Type Templates'!$J$20,0)&"-"&ROUND($B$8-'Day Type Templates'!$I$20,0)&" mph"),IF(R38="High Bullpen",CONCATENATE(IF('Day Type Templates'!$E$24="","Mound",'Day Type Templates'!$E$24&" ft")&" — "&'Day Type Templates'!$F$24&"-"&'Day Type Templates'!$G$24&" throws"&" @ "&ROUND($B$8-'Day Type Templates'!$J$24,0)&"-"&ROUND($B$8-'Day Type Templates'!$I$24,0)&" mph"," + ",IF('Day Type Templates'!$E$25="","Mound",'Day Type Templates'!$E$25&" ft")&" — "&'Day Type Templates'!$F$25&"-"&'Day Type Templates'!$G$25&" throws"&" @ "&ROUND($B$8-'Day Type Templates'!$J$25,0)&"-"&ROUND($B$8-'Day Type Templates'!$I$25,0)&" mph"),IF(R38="Low Bullpen",CONCATENATE(IF('Day Type Templates'!$E$32="","Mound",'Day Type Templates'!$E$32&" ft")&" — "&'Day Type Templates'!$F$32&"-"&'Day Type Templates'!$G$32&" throws"&" @ "&ROUND($B$8-'Day Type Templates'!$J$32,0)&"-"&ROUND($B$8-'Day Type Templates'!$I$32,0)&" mph"," + ",IF('Day Type Templates'!$E$33="","Mound",'Day Type Templates'!$E$33&" ft")&" — "&'Day Type Templates'!$F$33&"-"&'Day Type Templates'!$G$33&" throws"&" @ "&ROUND($B$8-'Day Type Templates'!$J$33,0)&"-"&ROUND($B$8-'Day Type Templates'!$I$33,0)&" mph"),"Game — see Reference tab for warm-up rules")))))))
A39: =IF($B$7+12<$B$6,$B$7+12,"") | B39: =IF(A39="","",TEXT(A39,"ddd")) | C39: =IF(A39="","",$B$6-A39) | D39: =IF(A39="","",IF(AND(T39<>"",T39<>"(none)"),T39,IF(C39<=5,IFERROR(INDEX(Reference!$B$73:$B$78,MATCH(C39,Reference!$A$73:$A$78,0)),"Low"),IFERROR(INDEX(Reference!$B$84:$B$86,MATCH(MOD(C39-6,3),Reference!$A$84:$A$86,0)),"Low")))) | E39: =IF(D39="","",IF(D39="No Throw",0,IF(D39="Low",1,IF(OR(D39="Medium",D39="Low Bullpen"),2,IF(OR(D39="High Non-Bullpen",D39="High Bullpen"),3,4))))) | F39: =IF(A39="","",A39-1) | G39: =IF(F39="","",$B$6-F39) | H39: =IF(F39="","",R38) | I39: =IF(H39="","",IFERROR(INDEX('Day Type Templates'!$B$55:$B$60,MATCH(H39,'Day Type Templates'!$A$55:$A$60,0)),"")) | J39: =IF(F39="","",SUMIFS('Throw Log'!$Q$5:$Q$300,'Throw Log'!$B$5:$B$300,$B$4,'Throw Log'!$A$5:$A$300,F39)) | K39: =IF(OR(I39="",I39=0,J39="",J39=0),1,J39/I39) -> 1 | L39: =IF(K39>1.2,-1,IF(K39<0.8,1,0)) -> 0 | M39: =IF(A39="","",IF(R38="","",IF(IF(R38="No Throw",0,IF(R38="Low",1,IF(OR(R38="Medium",R38="Low Bullpen"),2,IF(OR(R38="High Non-Bullpen",R38="High Bullpen"),3,4))))=IF(IF(C38<=5,IFERROR(INDEX(Reference!$B$73:$B$78,MATCH(C38,Reference!$A$73:$A$78,0)),"Low"),IFERROR(INDEX(Reference!$B$84:$B$86,MATCH(MOD(C38-6,3),Reference!$A$84:$A$86,0)),"Low"))="No Throw",0,IF(IF(C38<=5,IFERROR(INDEX(Reference!$B$73:$B$78,MATCH(C38,Reference!$A$73:$A$78,0)),"Low"),IFERROR(INDEX(Reference!$B$84:$B$86,MATCH(MOD(C38-6,3),Reference!$A$84:$A$86,0)),"Low"))="Low",1,IF(IF(C38<=5,IFERROR(INDEX(Reference!$B$73:$B$78,MATCH(C38,Reference!$A$73:$A$78,0)),"Low"),IFERROR(INDEX(Reference!$B$84:$B$86,MATCH(MOD(C38-6,3),Reference!$A$84:$A$86,0)),"Low"))="Medium",2,IF(OR(IF(C38<=5,IFERROR(INDEX(Reference!$B$73:$B$78,MATCH(C38,Reference!$A$73:$A$78,0)),"Low"),IFERROR(INDEX(Reference!$B$84:$B$86,MATCH(MOD(C38-6,3),Reference!$A$84:$A$86,0)),"Low"))="High Non-Bullpen",IF(C38<=5,IFERROR(INDEX(Reference!$B$73:$B$78,MATCH(C38,Reference!$A$73:$A$78,0)),"Low"),IFERROR(INDEX(Reference!$B$84:$B$86,MATCH(MOD(C38-6,3),Reference!$A$84:$A$86,0)),"Low"))="High Bullpen"),3,4)))),0,IF(IF(R38="No Throw",0,IF(R38="Low",1,IF(R38="Medium",2,IF(OR(R38="High Non-Bullpen",R38="High Bullpen"),3,4))))>IF(IF(C38<=5,IFERROR(INDEX(Reference!$B$73:$B$78,MATCH(C38,Reference!$A$73:$A$78,0)),"Low"),IFERROR(INDEX(Reference!$B$84:$B$86,MATCH(MOD(C38-6,3),Reference!$A$84:$A$86,0)),"Low"))="No Throw",0,IF(IF(C38<=5,IFERROR(INDEX(Reference!$B$73:$B$78,MATCH(C38,Reference!$A$73:$A$78,0)),"Low"),IFERROR(INDEX(Reference!$B$84:$B$86,MATCH(MOD(C38-6,3),Reference!$A$84:$A$86,0)),"Low"))="Low",1,IF(IF(C38<=5,IFERROR(INDEX(Reference!$B$73:$B$78,MATCH(C38,Reference!$A$73:$A$78,0)),"Low"),IFERROR(INDEX(Reference!$B$84:$B$86,MATCH(MOD(C38-6,3),Reference!$A$84:$A$86,0)),"Low"))="Medium",2,IF(OR(IF(C38<=5,IFERROR(INDEX(Reference!$B$73:$B$78,MATCH(C38,Reference!$A$73:$A$78,0)),"Low"),IFERROR(INDEX(Reference!$B$84:$B$86,MATCH(MOD(C38-6,3),Reference!$A$84:$A$86,0)),"Low"))="High Non-Bullpen",IF(C38<=5,IFERROR(INDEX(Reference!$B$73:$B$78,MATCH(C38,Reference!$A$73:$A$78,0)),"Low"),IFERROR(INDEX(Reference!$B$84:$B$86,MATCH(MOD(C38-6,3),Reference!$A$84:$A$86,0)),"Low"))="High Bullpen"),3,4)))),-1,1)))) | N39: =$B$16 -> 0 | O39: =IF(A39="","",IF(M39<>0,M39,MIN(L39,N39))) | P39: =IF(C39=1,MIN(O39,0),O39) | Q39: =IF(A39="","",MIN(3,MAX(1,E39+P39))) | R39: =IF(A39="","",IF(AND(T39<>"",T39<>"(none)"),T39,IF(Q39="","",IF(Q39=E39,D39,IF(Q39=1,"Low",IF(Q39=2,"Medium","High Non-Bullpen")))))) | S39: =IF(R39="","",IF(R39="No Throw","Full rest — no throwing today.",IF(R39="Low",CONCATENATE(IF('Day Type Templates'!$E$10="","Mound",'Day Type Templates'!$E$10&" ft")&" — "&'Day Type Templates'!$F$10&"-"&'Day Type Templates'!$G$10&" throws"&" @ "&ROUND($B$8-'Day Type Templates'!$J$10,0)&"-"&ROUND($B$8-'Day Type Templates'!$I$10,0)&" mph"," + ",IF('Day Type Templates'!$E$11="","Mound",'Day Type Templates'!$E$11&" ft")&" — "&'Day Type Templates'!$F$11&"-"&'Day Type Templates'!$G$11&" throws"&" @ "&ROUND($B$8-'Day Type Templates'!$J$11,0)&"-"&ROUND($B$8-'Day Type Templates'!$I$11,0)&" mph"),IF(R39="Medium",CONCATENATE(IF('Day Type Templates'!$E$14="","Mound",'Day Type Templates'!$E$14&" ft")&" — "&'Day Type Templates'!$F$14&"-"&'Day Type Templates'!$G$14&" throws"&" @ "&ROUND($B$8-'Day Type Templates'!$J$14,0)&"-"&ROUND($B$8-'Day Type Templates'!$I$14,0)&" mph"," + ",IF('Day Type Templates'!$E$15="","Mound",'Day Type Templates'!$E$15&" ft")&" — "&'Day Type Templates'!$F$15&"-"&'Day Type Templates'!$G$15&" throws"&" @ "&ROUND($B$8-'Day Type Templates'!$J$15,0)&"-"&ROUND($B$8-'Day Type Templates'!$I$15,0)&" mph"),IF(R39="High Non-Bullpen",CONCATENATE(IF('Day Type Templates'!$E$18="","Mound",'Day Type Templates'!$E$18&" ft")&" — "&'Day Type Templates'!$F$18&"-"&'Day Type Templates'!$G$18&" throws"&" @ "&ROUND($B$8-'Day Type Templates'!$J$18,0)&"-"&ROUND($B$8-'Day Type Templates'!$I$18,0)&" mph"," + ",IF('Day Type Templates'!$E$19="","Mound",'Day Type Templates'!$E$19&" ft")&" — "&'Day Type Templates'!$F$19&"-"&'Day Type Templates'!$G$19&" throws"&" @ "&ROUND($B$8-'Day Type Templates'!$J$19,0)&"-"&ROUND($B$8-'Day Type Templates'!$I$19,0)&" mph"," + ",IF('Day Type Templates'!$E$20="","Mound",'Day Type Templates'!$E$20&" ft")&" — "&'Day Type Templates'!$F$20&"-"&'Day Type Templates'!$G$20&" throws"&" @ "&ROUND($B$8-'Day Type Templates'!$J$20,0)&"-"&ROUND($B$8-'Day Type Templates'!$I$20,0)&" mph"),IF(R39="High Bullpen",CONCATENATE(IF('Day Type Templates'!$E$24="","Mound",'Day Type Templates'!$E$24&" ft")&" — "&'Day Type Templates'!$F$24&"-"&'Day Type Templates'!$G$24&" throws"&" @ "&ROUND($B$8-'Day Type Templates'!$J$24,0)&"-"&ROUND($B$8-'Day Type Templates'!$I$24,0)&" mph"," + ",IF('Day Type Templates'!$E$25="","Mound",'Day Type Templates'!$E$25&" ft")&" — "&'Day Type Templates'!$F$25&"-"&'Day Type Templates'!$G$25&" throws"&" @ "&ROUND($B$8-'Day Type Templates'!$J$25,0)&"-"&ROUND($B$8-'Day Type Templates'!$I$25,0)&" mph"),IF(R39="Low Bullpen",CONCATENATE(IF('Day Type Templates'!$E$32="","Mound",'Day Type Templates'!$E$32&" ft")&" — "&'Day Type Templates'!$F$32&"-"&'Day Type Templates'!$G$32&" throws"&" @ "&ROUND($B$8-'Day Type Templates'!$J$32,0)&"-"&ROUND($B$8-'Day Type Templates'!$I$32,0)&" mph"," + ",IF('Day Type Templates'!$E$33="","Mound",'Day Type Templates'!$E$33&" ft")&" — "&'Day Type Templates'!$F$33&"-"&'Day Type Templates'!$G$33&" throws"&" @ "&ROUND($B$8-'Day Type Templates'!$J$33,0)&"-"&ROUND($B$8-'Day Type Templates'!$I$33,0)&" mph"),"Game — see Reference tab for warm-up rules")))))))
A40: =IF($B$7+13<$B$6,$B$7+13,"") | B40: =IF(A40="","",TEXT(A40,"ddd")) | C40: =IF(A40="","",$B$6-A40) | D40: =IF(A40="","",IF(AND(T40<>"",T40<>"(none)"),T40,IF(C40<=5,IFERROR(INDEX(Reference!$B$73:$B$78,MATCH(C40,Reference!$A$73:$A$78,0)),"Low"),IFERROR(INDEX(Reference!$B$84:$B$86,MATCH(MOD(C40-6,3),Reference!$A$84:$A$86,0)),"Low")))) | E40: =IF(D40="","",IF(D40="No Throw",0,IF(D40="Low",1,IF(OR(D40="Medium",D40="Low Bullpen"),2,IF(OR(D40="High Non-Bullpen",D40="High Bullpen"),3,4))))) | F40: =IF(A40="","",A40-1) | G40: =IF(F40="","",$B$6-F40) | H40: =IF(F40="","",R39) | I40: =IF(H40="","",IFERROR(INDEX('Day Type Templates'!$B$55:$B$60,MATCH(H40,'Day Type Templates'!$A$55:$A$60,0)),"")) | J40: =IF(F40="","",SUMIFS('Throw Log'!$Q$5:$Q$300,'Throw Log'!$B$5:$B$300,$B$4,'Throw Log'!$A$5:$A$300,F40)) | K40: =IF(OR(I40="",I40=0,J40="",J40=0),1,J40/I40) -> 1 | L40: =IF(K40>1.2,-1,IF(K40<0.8,1,0)) -> 0 | M40: =IF(A40="","",IF(R39="","",IF(IF(R39="No Throw",0,IF(R39="Low",1,IF(OR(R39="Medium",R39="Low Bullpen"),2,IF(OR(R39="High Non-Bullpen",R39="High Bullpen"),3,4))))=IF(IF(C39<=5,IFERROR(INDEX(Reference!$B$73:$B$78,MATCH(C39,Reference!$A$73:$A$78,0)),"Low"),IFERROR(INDEX(Reference!$B$84:$B$86,MATCH(MOD(C39-6,3),Reference!$A$84:$A$86,0)),"Low"))="No Throw",0,IF(IF(C39<=5,IFERROR(INDEX(Reference!$B$73:$B$78,MATCH(C39,Reference!$A$73:$A$78,0)),"Low"),IFERROR(INDEX(Reference!$B$84:$B$86,MATCH(MOD(C39-6,3),Reference!$A$84:$A$86,0)),"Low"))="Low",1,IF(IF(C39<=5,IFERROR(INDEX(Reference!$B$73:$B$78,MATCH(C39,Reference!$A$73:$A$78,0)),"Low"),IFERROR(INDEX(Reference!$B$84:$B$86,MATCH(MOD(C39-6,3),Reference!$A$84:$A$86,0)),"Low"))="Medium",2,IF(OR(IF(C39<=5,IFERROR(INDEX(Reference!$B$73:$B$78,MATCH(C39,Reference!$A$73:$A$78,0)),"Low"),IFERROR(INDEX(Reference!$B$84:$B$86,MATCH(MOD(C39-6,3),Reference!$A$84:$A$86,0)),"Low"))="High Non-Bullpen",IF(C39<=5,IFERROR(INDEX(Reference!$B$73:$B$78,MATCH(C39,Reference!$A$73:$A$78,0)),"Low"),IFERROR(INDEX(Reference!$B$84:$B$86,MATCH(MOD(C39-6,3),Reference!$A$84:$A$86,0)),"Low"))="High Bullpen"),3,4)))),0,IF(IF(R39="No Throw",0,IF(R39="Low",1,IF(R39="Medium",2,IF(OR(R39="High Non-Bullpen",R39="High Bullpen"),3,4))))>IF(IF(C39<=5,IFERROR(INDEX(Reference!$B$73:$B$78,MATCH(C39,Reference!$A$73:$A$78,0)),"Low"),IFERROR(INDEX(Reference!$B$84:$B$86,MATCH(MOD(C39-6,3),Reference!$A$84:$A$86,0)),"Low"))="No Throw",0,IF(IF(C39<=5,IFERROR(INDEX(Reference!$B$73:$B$78,MATCH(C39,Reference!$A$73:$A$78,0)),"Low"),IFERROR(INDEX(Reference!$B$84:$B$86,MATCH(MOD(C39-6,3),Reference!$A$84:$A$86,0)),"Low"))="Low",1,IF(IF(C39<=5,IFERROR(INDEX(Reference!$B$73:$B$78,MATCH(C39,Reference!$A$73:$A$78,0)),"Low"),IFERROR(INDEX(Reference!$B$84:$B$86,MATCH(MOD(C39-6,3),Reference!$A$84:$A$86,0)),"Low"))="Medium",2,IF(OR(IF(C39<=5,IFERROR(INDEX(Reference!$B$73:$B$78,MATCH(C39,Reference!$A$73:$A$78,0)),"Low"),IFERROR(INDEX(Reference!$B$84:$B$86,MATCH(MOD(C39-6,3),Reference!$A$84:$A$86,0)),"Low"))="High Non-Bullpen",IF(C39<=5,IFERROR(INDEX(Reference!$B$73:$B$78,MATCH(C39,Reference!$A$73:$A$78,0)),"Low"),IFERROR(INDEX(Reference!$B$84:$B$86,MATCH(MOD(C39-6,3),Reference!$A$84:$A$86,0)),"Low"))="High Bullpen"),3,4)))),-1,1)))) | N40: =$B$16 -> 0 | O40: =IF(A40="","",IF(M40<>0,M40,MIN(L40,N40))) | P40: =IF(C40=1,MIN(O40,0),O40) | Q40: =IF(A40="","",MIN(3,MAX(1,E40+P40))) | R40: =IF(A40="","",IF(AND(T40<>"",T40<>"(none)"),T40,IF(Q40="","",IF(Q40=E40,D40,IF(Q40=1,"Low",IF(Q40=2,"Medium","High Non-Bullpen")))))) | S40: =IF(R40="","",IF(R40="No Throw","Full rest — no throwing today.",IF(R40="Low",CONCATENATE(IF('Day Type Templates'!$E$10="","Mound",'Day Type Templates'!$E$10&" ft")&" — "&'Day Type Templates'!$F$10&"-"&'Day Type Templates'!$G$10&" throws"&" @ "&ROUND($B$8-'Day Type Templates'!$J$10,0)&"-"&ROUND($B$8-'Day Type Templates'!$I$10,0)&" mph"," + ",IF('Day Type Templates'!$E$11="","Mound",'Day Type Templates'!$E$11&" ft")&" — "&'Day Type Templates'!$F$11&"-"&'Day Type Templates'!$G$11&" throws"&" @ "&ROUND($B$8-'Day Type Templates'!$J$11,0)&"-"&ROUND($B$8-'Day Type Templates'!$I$11,0)&" mph"),IF(R40="Medium",CONCATENATE(IF('Day Type Templates'!$E$14="","Mound",'Day Type Templates'!$E$14&" ft")&" — "&'Day Type Templates'!$F$14&"-"&'Day Type Templates'!$G$14&" throws"&" @ "&ROUND($B$8-'Day Type Templates'!$J$14,0)&"-"&ROUND($B$8-'Day Type Templates'!$I$14,0)&" mph"," + ",IF('Day Type Templates'!$E$15="","Mound",'Day Type Templates'!$E$15&" ft")&" — "&'Day Type Templates'!$F$15&"-"&'Day Type Templates'!$G$15&" throws"&" @ "&ROUND($B$8-'Day Type Templates'!$J$15,0)&"-"&ROUND($B$8-'Day Type Templates'!$I$15,0)&" mph"),IF(R40="High Non-Bullpen",CONCATENATE(IF('Day Type Templates'!$E$18="","Mound",'Day Type Templates'!$E$18&" ft")&" — "&'Day Type Templates'!$F$18&"-"&'Day Type Templates'!$G$18&" throws"&" @ "&ROUND($B$8-'Day Type Templates'!$J$18,0)&"-"&ROUND($B$8-'Day Type Templates'!$I$18,0)&" mph"," + ",IF('Day Type Templates'!$E$19="","Mound",'Day Type Templates'!$E$19&" ft")&" — "&'Day Type Templates'!$F$19&"-"&'Day Type Templates'!$G$19&" throws"&" @ "&ROUND($B$8-'Day Type Templates'!$J$19,0)&"-"&ROUND($B$8-'Day Type Templates'!$I$19,0)&" mph"," + ",IF('Day Type Templates'!$E$20="","Mound",'Day Type Templates'!$E$20&" ft")&" — "&'Day Type Templates'!$F$20&"-"&'Day Type Templates'!$G$20&" throws"&" @ "&ROUND($B$8-'Day Type Templates'!$J$20,0)&"-"&ROUND($B$8-'Day Type Templates'!$I$20,0)&" mph"),IF(R40="High Bullpen",CONCATENATE(IF('Day Type Templates'!$E$24="","Mound",'Day Type Templates'!$E$24&" ft")&" — "&'Day Type Templates'!$F$24&"-"&'Day Type Templates'!$G$24&" throws"&" @ "&ROUND($B$8-'Day Type Templates'!$J$24,0)&"-"&ROUND($B$8-'Day Type Templates'!$I$24,0)&" mph"," + ",IF('Day Type Templates'!$E$25="","Mound",'Day Type Templates'!$E$25&" ft")&" — "&'Day Type Templates'!$F$25&"-"&'Day Type Templates'!$G$25&" throws"&" @ "&ROUND($B$8-'Day Type Templates'!$J$25,0)&"-"&ROUND($B$8-'Day Type Templates'!$I$25,0)&" mph"),IF(R40="Low Bullpen",CONCATENATE(IF('Day Type Templates'!$E$32="","Mound",'Day Type Templates'!$E$32&" ft")&" — "&'Day Type Templates'!$F$32&"-"&'Day Type Templates'!$G$32&" throws"&" @ "&ROUND($B$8-'Day Type Templates'!$J$32,0)&"-"&ROUND($B$8-'Day Type Templates'!$I$32,0)&" mph"," + ",IF('Day Type Templates'!$E$33="","Mound",'Day Type Templates'!$E$33&" ft")&" — "&'Day Type Templates'!$F$33&"-"&'Day Type Templates'!$G$33&" throws"&" @ "&ROUND($B$8-'Day Type Templates'!$J$33,0)&"-"&ROUND($B$8-'Day Type Templates'!$I$33,0)&" mph"),"Game — see Reference tab for warm-up rules")))))))
